,repID,vals,times,method,iters,extrapolation,dc_updates,linesearch,pID
0,0,-7.52053391761773,1.3660809993743896,SDCe-LS,333,yes,yes,yes,0
1,0,-7.01334860062585,0.6018862724304199,SDCe,167,yes,yes,no,0
2,0,-7.013348573071369,0.4344499111175537,SCe-LS,144,yes,no,yes,0
3,0,-7.013348609765381,0.4321892261505127,SCe,170,yes,no,no,0
4,0,-7.468600783087565,0.6736900806427002,SDC-LS,118,no,yes,yes,0
5,0,-7.013340634633287,2.898531913757324,SDC,964,no,yes,no,0
6,0,-7.013348240279512,0.37177228927612305,SC-LS,147,no,no,yes,0
7,0,-7.0133398459706875,1.968423843383789,SC,905,no,no,no,0
8,1,-6.892331200431474,0.29625892639160156,SDCe-LS,84,yes,yes,yes,0
9,1,-6.892331170435007,0.8096141815185547,SDCe,183,yes,yes,no,0
10,1,-6.892331204263312,0.33393192291259766,SCe-LS,107,yes,no,yes,0
11,1,-6.892331182321353,0.5036160945892334,SCe,188,yes,no,no,0
12,1,-6.8923311735389845,0.5340659618377686,SDC-LS,82,no,yes,yes,0
13,1,-7.103760983375164,7.936675786972046,SDC,2500,no,yes,no,0
14,1,-6.892331118411185,0.2428131103515625,SC-LS,96,no,no,yes,0
15,1,-7.086780150764387,5.122819662094116,SC,2500,no,no,no,0
16,2,-7.409650628721911,0.9350941181182861,SDCe-LS,127,yes,yes,yes,0
17,2,-7.40965052962807,0.9082839488983154,SDCe,278,yes,yes,no,0
18,2,-7.409650634597874,0.5873949527740479,SCe-LS,181,yes,no,yes,0
19,2,-7.409650569922366,0.7808640003204346,SCe,287,yes,no,no,0
20,2,-7.409650619954064,0.5744297504425049,SDC-LS,127,no,yes,yes,0
21,2,-7.032379275318955,8.606069087982178,SDC,2500,no,yes,no,0
22,2,-7.409650544862148,0.4649472236633301,SC-LS,166,no,no,yes,0
23,2,-7.409646222586433,3.0852696895599365,SC,1488,no,no,no,0
24,3,-7.519185020481508,0.6825871467590332,SDCe-LS,163,yes,yes,yes,0
25,3,-7.519185004098128,0.5365438461303711,SDCe,209,yes,yes,no,0
26,3,-7.519184975205083,0.4178166389465332,SCe-LS,210,yes,no,yes,0
27,3,-7.519184991004954,0.3710441589355469,SCe,214,yes,no,no,0
28,3,-7.519184892237196,0.3921489715576172,SDC-LS,116,no,yes,yes,0
29,3,-7.519174960274452,2.7538018226623535,SDC,1107,no,yes,no,0
30,3,-7.519184591687207,0.3954920768737793,SC-LS,175,no,no,yes,0
31,3,-7.519173206010997,2.0160372257232666,SC,1128,no,no,no,0
32,4,-7.245807961808579,1.5909888744354248,SDCe-LS,417,yes,yes,yes,0
33,4,-7.245808001948887,1.7334163188934326,SDCe,609,yes,yes,no,0
34,4,-7.245808000843848,1.2344369888305664,SCe-LS,486,yes,no,yes,0
35,4,-7.245808001774197,1.3579127788543701,SCe,646,yes,no,no,0
36,4,-7.245807681461461,0.7989392280578613,SDC-LS,244,no,yes,yes,0
37,4,-7.077142646179543,6.41851806640625,SDC,2500,no,yes,no,0
38,4,-7.245807704075122,1.4757812023162842,SC-LS,505,no,no,yes,0
39,4,-7.066545205545823,2.184237003326416,SC,1009,no,no,no,0
40,5,-8.130656042634374,1.3369829654693604,SDCe-LS,255,yes,yes,yes,0
41,5,-8.130656039852676,1.8660380840301514,SDCe,559,yes,yes,no,0
42,5,-8.13065604031706,1.4703001976013184,SCe-LS,405,yes,no,yes,0
43,5,-8.13065604295408,1.641650915145874,SCe,576,yes,no,no,0
44,5,-7.251180842555053,1.008807897567749,SDC-LS,188,no,yes,yes,0
45,5,-7.305713621448709,7.286738157272339,SDC,2500,no,yes,no,0
46,5,-8.1306559476825,1.2792811393737793,SC-LS,408,no,no,yes,0
47,5,-7.303347902192567,6.0762717723846436,SC,2500,no,no,no,0
48,6,-7.664528737166258,1.548750877380371,SDCe-LS,123,yes,yes,yes,0
49,6,-7.664528747164686,2.2702691555023193,SDCe,287,yes,yes,no,0
50,6,-7.66452874102567,1.23101806640625,SCe-LS,165,yes,no,yes,0
51,6,-7.664528735572524,2.1647379398345947,SCe,299,yes,no,no,0
52,6,-7.6645287527600985,1.2624988555908203,SDC-LS,118,no,yes,yes,0
53,6,-7.664526914457222,7.9924468994140625,SDC,1229,no,yes,no,0
54,6,-7.664528695530956,0.7151229381561279,SC-LS,150,no,no,yes,0
55,6,-7.664526880516629,4.486735105514526,SC,1291,no,no,no,0
56,7,-7.546175084328907,3.748967170715332,SDCe-LS,447,yes,yes,yes,0
57,7,-7.004893712659075,3.0604541301727295,SDCe,564,yes,yes,no,0
58,7,-7.546175078371076,3.179738759994507,SCe-LS,578,yes,no,yes,0
59,7,-7.004893708329096,2.8915598392486572,SCe,597,yes,no,no,0
60,7,-7.546175034892521,4.523799896240234,SDC-LS,416,no,yes,yes,0
61,7,-7.152980991336419,18.583694219589233,SDC,2500,no,yes,no,0
62,7,-7.546175022588997,3.3651862144470215,SC-LS,589,no,no,yes,0
63,7,-7.149786716916985,12.8127121925354,SC,2500,no,no,no,0
64,8,-6.7588920929846505,4.130074977874756,SDCe-LS,275,yes,yes,yes,0
65,8,-6.758892071138297,4.295841217041016,SDCe,376,yes,yes,no,0
66,8,-6.7588920522298785,3.8462648391723633,SCe-LS,348,yes,no,yes,0
67,8,-6.758892051466188,3.0029008388519287,SCe,365,yes,no,no,0
68,8,-6.758891844863978,3.93918514251709,SDC-LS,259,no,yes,yes,0
69,8,-6.6959852841215675,19.13070321083069,SDC,1872,no,yes,no,0
70,8,-6.75889152445249,3.121778964996338,SC-LS,310,no,no,yes,0
71,8,-6.712950610304519,17.558151245117188,SC,2500,no,no,no,0
72,9,-7.068733361051774,3.150320053100586,SDCe-LS,199,yes,yes,yes,0
73,9,-7.068733342053203,4.694534063339233,SDCe,411,yes,yes,no,0
74,9,-7.068733357582962,2.568115234375,SCe-LS,247,yes,no,yes,0
75,9,-7.068733327736782,3.106945037841797,SCe,416,yes,no,no,0
76,9,-7.068733340086059,2.1556169986724854,SDC-LS,135,no,yes,yes,0
77,9,-7.067942382708892,25.34459924697876,SDC,2500,no,yes,no,0
78,9,-7.068733288124485,1.7483909130096436,SC-LS,175,no,no,yes,0
79,9,-7.068728589265733,18.512866735458374,SC,2500,no,no,no,0
80,0,-7.385310694708021,7.8478240966796875,SDCe-LS,568,yes,yes,yes,1
81,0,-7.385310652705927,9.360324144363403,SDCe,762,yes,yes,no,1
82,0,-7.3853106360395735,8.484967947006226,SCe-LS,705,yes,no,yes,1
83,0,-7.385310591231413,6.467684984207153,SCe,786,yes,no,no,1
84,0,-7.385308243396753,6.577986001968384,SDC-LS,385,no,yes,yes,1
85,0,-7.385203818994336,24.552685022354126,SDC,2500,no,yes,no,1
86,0,-7.385307863153685,5.184893846511841,SC-LS,572,no,no,yes,1
87,0,-7.3851795775923605,17.49735116958618,SC,2500,no,no,no,1
88,1,-6.837470265998353,3.612314224243164,SDCe-LS,214,yes,yes,yes,1
89,1,-7.692942483543652,6.454998016357422,SDCe,527,yes,yes,no,1
90,1,-6.837470270214565,2.5927889347076416,SCe-LS,230,yes,no,yes,1
91,1,-7.692942485232736,7.473917245864868,SCe,555,yes,no,no,1
92,1,-7.537402410086804,4.048514127731323,SDC-LS,218,no,yes,yes,1
93,1,-7.537389751769265,14.4519522190094,SDC,2036,no,yes,no,1
94,1,-7.53740236164858,1.9594430923461914,SC-LS,289,no,no,yes,1
95,1,-7.537389712409343,11.653119087219238,SC,2156,no,no,no,1
96,2,-6.966364115153172,1.6902151107788086,SDCe-LS,141,yes,yes,yes,1
97,2,-6.96636415561218,1.7214550971984863,SDCe,215,yes,yes,no,1
98,2,-6.9663641366916496,1.3126640319824219,SCe-LS,187,yes,no,yes,1
99,2,-6.9663641533845535,1.2611639499664307,SCe,227,yes,no,no,1
100,2,-6.966363857103474,1.5650427341461182,SDC-LS,123,no,yes,yes,1
101,2,-6.9663573401701475,7.2016870975494385,SDC,1058,no,yes,no,1
102,2,-6.966363514317649,0.9800980091094971,SC-LS,160,no,no,yes,1
103,2,-6.96635730366061,5.603572130203247,SC,1114,no,no,no,1
104,3,-7.501719425670075,9.975379228591919,SDCe-LS,899,yes,yes,yes,1
105,3,-7.020765872057034,2.2539501190185547,SDCe,362,yes,yes,no,1
106,3,-7.020765930124469,1.630506992340088,SCe-LS,269,yes,no,yes,1
107,3,-6.943229338138913,2.90248703956604,SCe,555,yes,no,no,1
108,3,-7.235889948534955,2.5975730419158936,SDC-LS,279,no,yes,yes,1
109,3,-6.869158362321032,16.142646074295044,SDC,2500,no,yes,no,1
110,3,-6.870931525484029,2.4509623050689697,SC-LS,406,no,no,yes,1
111,3,-6.8658577642563605,12.702674150466919,SC,2500,no,no,no,1
112,4,-6.81268804118265,1.369544267654419,SDCe-LS,136,yes,yes,yes,1
113,4,-7.6242670910309585,4.878010034561157,SDCe,777,yes,yes,no,1
114,4,-7.614837660478663,2.490661859512329,SCe-LS,335,yes,no,yes,1
115,4,-7.624267022419091,1.3552031517028809,SCe,323,yes,no,no,1
116,4,-6.8126877119491205,1.09287691116333,SDC-LS,123,no,yes,yes,1
117,4,-6.81268097909212,10.668704986572266,SDC,1715,no,yes,no,1
118,4,-6.81268787099263,1.0731940269470215,SC-LS,222,no,no,yes,1
119,4,-6.812679776811831,7.627270221710205,SC,1802,no,no,no,1
120,5,-7.150907997784916,3.45257306098938,SDCe-LS,308,yes,yes,yes,1
121,5,-7.150908061827933,3.452958822250366,SDCe,439,yes,yes,no,1
122,5,-7.150908003744747,2.721198797225952,SCe-LS,387,yes,no,yes,1
123,5,-7.301771547715684,2.2832467555999756,SCe,346,yes,no,no,1
124,5,-7.15090760958149,3.657294988632202,SDC-LS,248,no,yes,yes,1
125,5,-7.150257791387095,14.386637926101685,SDC,2500,no,yes,no,1
126,5,-7.15090759967884,1.765941858291626,SC-LS,364,no,no,yes,1
127,5,-7.149445450758238,9.603030681610107,SC,2500,no,no,no,1
128,6,-7.061898363044975,1.3457138538360596,SDCe-LS,144,yes,yes,yes,1
129,6,-7.096346691494849,3.668987989425659,SDCe,389,yes,yes,no,1
130,6,-7.096346684438135,1.721444845199585,SCe-LS,268,yes,no,yes,1
131,6,-7.096346694860144,2.097311019897461,SCe,408,yes,no,no,1
132,6,-7.137035298199568,2.1018357276916504,SDC-LS,190,no,yes,yes,1
133,6,-7.096343745201873,15.61410927772522,SDC,2180,no,yes,no,1
134,6,-7.096346660518835,1.9355368614196777,SC-LS,261,no,no,yes,1
135,6,-7.096343744252032,10.066792964935303,SC,2174,no,no,no,1
136,7,-6.963640307258272,2.366023063659668,SDCe-LS,166,yes,yes,yes,1
137,7,-6.96364031044517,1.5830788612365723,SDCe,225,yes,yes,no,1
138,7,-7.110601502158642,1.3949010372161865,SCe-LS,199,yes,no,yes,1
139,7,-6.9636403445540624,1.4578030109405518,SCe,243,yes,no,no,1
140,7,-6.963640242124999,2.105595827102661,SDC-LS,197,no,yes,yes,1
141,7,-6.963632878303179,11.245875835418701,SDC,1698,no,yes,no,1
142,7,-6.9636397565861605,1.379960060119629,SC-LS,215,no,no,yes,1
143,7,-6.963631509744798,8.36338210105896,SC,1810,no,no,no,1
144,8,-7.095846468549402,6.339080333709717,SDCe-LS,587,yes,yes,yes,1
145,8,-7.313498491217553,2.387457847595215,SDCe,336,yes,yes,no,1
146,8,-7.3134991012462125,2.0648081302642822,SCe-LS,311,yes,no,yes,1
147,8,-7.313498538579925,1.7281911373138428,SCe,351,yes,no,no,1
148,8,-7.081066199940589,1.9903602600097656,SDC-LS,198,no,yes,yes,1
149,8,-7.3134920254987605,13.957925081253052,SDC,2295,no,yes,no,1
150,8,-7.313498903097569,1.5044748783111572,SC-LS,280,no,no,yes,1
151,8,-7.313492040972119,10.54137110710144,SC,2355,no,no,no,1
152,9,-7.020883194421548,1.9003362655639648,SDCe-LS,148,yes,yes,yes,1
153,9,-7.020883132050963,2.5095150470733643,SDCe,274,yes,yes,no,1
154,9,-7.020883199668824,1.5281741619110107,SCe-LS,195,yes,no,yes,1
155,9,-7.020883152277072,2.059117078781128,SCe,282,yes,no,no,1
156,9,-7.020883176399839,2.5309741497039795,SDC-LS,186,no,yes,yes,1
157,9,-6.921928973629749,14.043866157531738,SDC,1846,no,yes,no,1
158,9,-6.921939858255113,1.6175291538238525,SC-LS,257,no,no,yes,1
159,9,-6.921928974620589,9.283828973770142,SC,1884,no,no,no,1
160,0,-7.450227909599474,2.399641752243042,SDCe-LS,202,yes,yes,yes,2
161,0,-7.450227920262989,1.652569055557251,SDCe,214,yes,yes,no,2
162,0,-7.450227872830301,1.3265421390533447,SCe-LS,213,yes,no,yes,2
163,0,-7.4502279180585065,1.0813539028167725,SCe,220,yes,no,no,2
164,0,-7.45022791537596,1.273010015487671,SDC-LS,113,no,yes,yes,2
165,0,-7.450220039849896,13.863250970840454,SDC,2039,no,yes,no,2
166,0,-7.450227366720996,1.3230059146881104,SC-LS,198,no,no,yes,2
167,0,-7.450218673023231,11.426958084106445,SC,2029,no,no,no,2
168,1,-7.69126980176109,1.6163499355316162,SDCe-LS,137,yes,yes,yes,2
169,1,-7.691269837720659,1.5674619674682617,SDCe,207,yes,yes,no,2
170,1,-7.69126983465701,1.1803419589996338,SCe-LS,180,yes,no,yes,2
171,1,-7.691269835200032,1.0066931247711182,SCe,213,yes,no,no,2
172,1,-7.691269639206279,1.0080549716949463,SDC-LS,105,no,yes,yes,2
173,1,-7.691263525551131,6.954395294189453,SDC,1140,no,yes,no,2
174,1,-7.691269707816147,1.0666909217834473,SC-LS,152,no,no,yes,2
175,1,-7.691263553478913,5.164711952209473,SC,1190,no,no,no,2
176,2,-7.03228254302844,1.9699761867523193,SDCe-LS,176,yes,yes,yes,2
177,2,-7.0322825477212465,2.051939010620117,SDCe,315,yes,yes,no,2
178,2,-7.0322825121944685,1.623161792755127,SCe-LS,254,yes,no,yes,2
179,2,-7.032282546442244,1.7529261112213135,SCe,329,yes,no,no,2
180,2,-7.03228248088827,4.060321092605591,SDC-LS,234,no,yes,yes,2
181,2,-7.032278474054108,13.917167663574219,SDC,2122,no,yes,no,2
182,2,-7.0322824905887185,1.69160795211792,SC-LS,271,no,no,yes,2
183,2,-7.03227782060668,10.240607023239136,SC,2266,no,no,no,2
184,3,-7.199101576307291,2.7186062335968018,SDCe-LS,220,yes,yes,yes,2
185,3,-7.2106991551651465,3.8616230487823486,SDCe,533,yes,yes,no,2
186,3,-7.061985202751069,0.6404132843017578,SCe-LS,118,yes,no,yes,2
187,3,-7.210699155138844,2.387458086013794,SCe,533,yes,no,no,2
188,3,-7.199101535808374,2.241724729537964,SDC-LS,232,no,yes,yes,2
189,3,-7.061982964681695,4.731568098068237,SDC,733,no,yes,no,2
190,3,-7.409493695627811,3.2483999729156494,SC-LS,467,no,no,yes,2
191,3,-7.061982989133318,4.24084210395813,SC,785,no,no,no,2
192,4,-7.279230505481643,1.5754072666168213,SDCe-LS,142,yes,yes,yes,2
193,4,-7.279230514000172,2.3943140506744385,SDCe,291,yes,yes,no,2
194,4,-7.602302232595482,1.0629971027374268,SCe-LS,190,yes,no,yes,2
195,4,-7.279230515379371,1.4294841289520264,SCe,299,yes,no,no,2
196,4,-7.117498260141561,3.4303879737854004,SDC-LS,282,no,yes,yes,2
197,4,-6.790385033652106,8.028983116149902,SDC,1223,no,yes,no,2
198,4,-7.399917154757987,1.181617021560669,SC-LS,149,no,no,yes,2
199,4,-7.124439237212897,6.638779878616333,SC,1311,no,no,no,2
200,5,-7.7938429819444766,1.3383069038391113,SDCe-LS,88,yes,yes,yes,2
201,5,-7.793842980576581,1.8610329627990723,SDCe,215,yes,yes,no,2
202,5,-7.793842983090559,1.0106620788574219,SCe-LS,112,yes,no,yes,2
203,5,-7.793842978665565,1.361678123474121,SCe,217,yes,no,no,2
204,5,-7.793842960823723,1.3334691524505615,SDC-LS,88,no,yes,yes,2
205,5,-7.793840411553393,6.540633678436279,SDC,888,no,yes,no,2
206,5,-7.793842957731094,0.7227702140808105,SC-LS,107,no,no,yes,2
207,5,-7.7938403837517995,5.241985082626343,SC,928,no,no,no,2
208,6,-7.709878941722014,5.301498889923096,SDCe-LS,490,yes,yes,yes,2
209,6,-7.709878958887492,3.5941200256347656,SDCe,425,yes,yes,no,2
210,6,-7.01899970722984,1.3436970710754395,SCe-LS,176,yes,no,yes,2
211,6,-7.0189997179335295,1.3804149627685547,SCe,223,yes,no,no,2
212,6,-7.709878772527491,4.7100231647491455,SDC-LS,417,no,yes,yes,2
213,6,-7.709801791198122,15.705039978027344,SDC,2277,no,yes,no,2
214,6,-7.709878532395335,4.196918725967407,SC-LS,606,no,no,yes,2
215,6,-7.709800308333447,12.94718623161316,SC,2424,no,no,no,2
216,7,-7.05817710369165,2.4912948608398438,SDCe-LS,222,yes,yes,yes,2
217,7,-7.574206055114278,2.6260578632354736,SDCe,326,yes,yes,no,2
218,7,-7.565090225222946,1.7944600582122803,SCe-LS,266,yes,no,yes,2
219,7,-7.574206033785824,1.8528861999511719,SCe,349,yes,no,no,2
220,7,-7.0581769254109235,2.863028049468994,SDC-LS,175,no,yes,yes,2
221,7,-8.0042693374645,18.307785987854004,SDC,2500,no,yes,no,2
222,7,-6.578150024438259,1.4500741958618164,SC-LS,231,no,no,yes,2
223,7,-7.56508667996327,11.058282136917114,SC,2226,no,no,no,2
224,8,-6.916684277976781,1.7631769180297852,SDCe-LS,136,yes,yes,yes,2
225,8,-6.963516014130407,6.198617696762085,SDCe,679,yes,yes,no,2
226,8,-6.963515925750716,5.3534018993377686,SCe-LS,632,yes,no,yes,2
227,8,-7.017321419890267,2.768341064453125,SCe,426,yes,no,no,2
228,8,-8.004457783843147,2.6246769428253174,SDC-LS,133,no,yes,yes,2
229,8,-7.0366781466487645,16.89387607574463,SDC,2500,no,yes,no,2
230,8,-7.036709423971289,2.557257890701294,SC-LS,304,no,no,yes,2
231,8,-7.725302373971636,12.20531415939331,SC,2460,no,no,no,2
232,9,-7.069428364272568,1.7599799633026123,SDCe-LS,168,yes,yes,yes,2
233,9,-7.06942838392776,1.9516029357910156,SDCe,289,yes,yes,no,2
234,9,-7.069428345567532,1.4398441314697266,SCe-LS,241,yes,no,yes,2
235,9,-7.0694283807306935,1.527566909790039,SCe,296,yes,no,no,2
236,9,-7.069428118860575,1.7474560737609863,SDC-LS,142,no,yes,yes,2
237,9,-7.069423273436039,11.644177913665771,SDC,1895,no,yes,no,2
238,9,-7.069428103162572,0.9807589054107666,SC-LS,213,no,no,yes,2
239,9,-7.069422599092318,7.3091819286346436,SC,1969,no,no,no,2
240,0,-7.128777868148851,1.4102098941802979,SDCe-LS,141,yes,yes,yes,3
241,0,-7.128792238517709,3.079803943634033,SDCe,427,yes,yes,no,3
242,0,-7.316679377048612,1.917268991470337,SCe-LS,281,yes,no,yes,3
243,0,-7.128777747309027,1.2033429145812988,SCe,223,yes,no,no,3
244,0,-7.128777804815803,2.0806846618652344,SDC-LS,152,no,yes,yes,3
245,0,-7.316674165414593,12.879585027694702,SDC,2183,no,yes,no,3
246,0,-7.3166792401427205,1.9581022262573242,SC-LS,358,no,no,yes,3
247,0,-7.316674186200157,11.666041851043701,SC,2379,no,no,no,3
248,1,-7.323147787430372,4.073719024658203,SDCe-LS,421,yes,yes,yes,3
249,1,-7.19851834288002,3.5045502185821533,SDCe,599,yes,yes,no,3
250,1,-7.198518094735671,3.434706211090088,SCe-LS,534,yes,no,yes,3
251,1,-7.198518343398479,3.0768351554870605,SCe,603,yes,no,no,3
252,1,-6.929220708426222,3.199662923812866,SDC-LS,304,no,yes,yes,3
253,1,-7.154754879665052,17.674572229385376,SDC,2500,no,yes,no,3
254,1,-7.1681948522658,1.1524670124053955,SC-LS,170,no,no,yes,3
255,1,-7.15447133055949,15.484174966812134,SC,2500,no,no,no,3
256,2,-7.058633087762327,1.6921610832214355,SDCe-LS,154,yes,yes,yes,3
257,2,-7.058633084715309,1.8637380599975586,SDCe,269,yes,yes,no,3
258,2,-7.058633098932084,1.2159957885742188,SCe-LS,198,yes,no,yes,3
259,2,-7.058633073311474,1.3786520957946777,SCe,271,yes,no,no,3
260,2,-7.058633072950499,1.733860969543457,SDC-LS,163,no,yes,yes,3
261,2,-7.058629611800883,10.926697015762329,SDC,1555,no,yes,no,3
262,2,-7.058632994243651,1.2107329368591309,SC-LS,180,no,no,yes,3
263,2,-7.058628974704924,7.009955883026123,SC,1602,no,no,no,3
264,3,-7.1506509947698556,0.8881242275238037,SDCe-LS,87,yes,yes,yes,3
265,3,-7.646021402225646,3.0571327209472656,SDCe,490,yes,yes,no,3
266,3,-7.64602140094364,2.2827510833740234,SCe-LS,437,yes,no,yes,3
267,3,-7.6460214058192975,2.112517833709717,SCe,505,yes,no,no,3
268,3,-7.150650816933074,0.790050745010376,SDC-LS,92,no,yes,yes,3
269,3,-7.22118227788746,13.922254085540771,SDC,2500,no,yes,no,3
270,3,-6.429041637590202,1.2339069843292236,SC-LS,225,no,no,yes,3
271,3,-7.22593936143409,11.51942777633667,SC,2500,no,no,no,3
272,4,-7.403342606670791,1.3963990211486816,SDCe-LS,135,yes,yes,yes,3
273,4,-7.3952358882270275,1.8296918869018555,SDCe,250,yes,yes,no,3
274,4,-7.40334261610918,1.115771770477295,SCe-LS,179,yes,no,yes,3
275,4,-7.403342616702987,1.0838079452514648,SCe,239,yes,no,no,3
276,4,-7.35321973521374,1.3661320209503174,SDC-LS,158,no,yes,yes,3
277,4,-7.200119631749669,14.089388132095337,SDC,2500,no,yes,no,3
278,4,-7.403342060026419,0.795835018157959,SC-LS,161,no,no,yes,3
279,4,-7.4033351546717565,8.007714033126831,SC,1827,no,no,no,3
280,5,-7.818920301115723,1.3125231266021729,SDCe-LS,127,yes,yes,yes,3
281,5,-7.81892030338838,1.786327838897705,SDCe,254,yes,yes,no,3
282,5,-7.818920305168436,0.7405471801757812,SCe-LS,127,yes,no,yes,3
283,5,-7.818920311607773,1.167496919631958,SCe,251,yes,no,no,3
284,5,-7.818919993076758,0.6877152919769287,SDC-LS,72,no,yes,yes,3
285,5,-7.818917202739575,6.646320104598999,SDC,1113,no,yes,no,3
286,5,-7.818920222061854,0.5964691638946533,SC-LS,105,no,no,yes,3
287,5,-7.818917189383253,4.96258807182312,SC,1116,no,no,no,3
288,6,-6.970131460077204,1.8102169036865234,SDCe-LS,152,yes,yes,yes,3
289,6,-6.970131425663041,2.043658971786499,SDCe,301,yes,yes,no,3
290,6,-6.9701314430863075,1.3228070735931396,SCe-LS,217,yes,no,yes,3
291,6,-6.970131433810085,1.4324491024017334,SCe,311,yes,no,no,3
292,6,-6.970131427350426,1.8401331901550293,SDC-LS,170,no,yes,yes,3
293,6,-6.970127428464275,10.333760023117065,SDC,1742,no,yes,no,3
294,6,-6.970131335577637,1.3992562294006348,SC-LS,224,no,no,yes,3
295,6,-6.9701265979493785,8.710320234298706,SC,1866,no,no,no,3
296,7,-7.7347501689617975,1.763274908065796,SDCe-LS,181,yes,yes,yes,3
297,7,-7.4375849467531,2.1216230392456055,SDCe,319,yes,yes,no,3
298,7,-7.43758494102538,1.257120132446289,SCe-LS,210,yes,no,yes,3
299,7,-7.437584944163838,1.1701359748840332,SCe,332,yes,no,no,3
300,7,-7.0060061373538325,0.8815431594848633,SDC-LS,113,no,yes,yes,3
301,7,-7.734747188854108,10.35941195487976,SDC,1822,no,yes,no,3
302,7,-7.734750096352362,1.3859198093414307,SC-LS,256,no,no,yes,3
303,7,-6.94284788557901,7.714282035827637,SC,2040,no,no,no,3
304,8,-7.723126592008628,2.2246251106262207,SDCe-LS,214,yes,yes,yes,3
305,8,-7.7231265859703395,2.830425977706909,SDCe,425,yes,yes,no,3
306,8,-7.7231265830496,1.6509490013122559,SCe-LS,296,yes,no,yes,3
307,8,-7.723126587994093,1.9484858512878418,SCe,439,yes,no,no,3
308,8,-7.723126554348944,2.509176015853882,SDC-LS,215,no,yes,yes,3
309,8,-7.72114988551861,14.723631143569946,SDC,2500,no,yes,no,3
310,8,-7.723126484521569,1.763596773147583,SC-LS,289,no,no,yes,3
311,8,-7.7122055509730565,12.166269302368164,SC,2500,no,no,no,3
312,9,-7.443880893085499,4.944362163543701,SDCe-LS,409,yes,yes,yes,3
313,9,-7.4438808786551816,4.622394800186157,SDCe,692,yes,yes,no,3
314,9,-7.479721116620358,1.4671630859375,SCe-LS,270,yes,no,yes,3
315,9,-7.479721126630507,1.888211965560913,SCe,441,yes,no,no,3
316,9,-7.4438808482728245,3.216391086578369,SDC-LS,386,no,yes,yes,3
317,9,-7.225820653593663,13.682044982910156,SDC,2500,no,yes,no,3
318,9,-7.0172317332575975,0.7964982986450195,SC-LS,148,no,no,yes,3
319,9,-7.2047054649564535,9.451157093048096,SC,2500,no,no,no,3
320,0,-7.183255492504253,1.3827970027923584,SDCe-LS,175,yes,yes,yes,4
321,0,-7.183255476592058,1.984565258026123,SDCe,336,yes,yes,no,4
322,0,-7.183255501144292,1.3865480422973633,SCe-LS,256,yes,no,yes,4
323,0,-7.446918690699639,1.505173921585083,SCe,435,yes,no,no,4
324,0,-7.183255408337907,1.3117167949676514,SDC-LS,180,no,yes,yes,4
325,0,-7.151359598487508,7.944593191146851,SDC,1502,no,yes,no,4
326,0,-7.183255329049106,0.9771063327789307,SC-LS,189,no,no,yes,4
327,0,-7.183246551249955,5.491621971130371,SC,1349,no,no,no,4
328,1,-6.701992018872408,1.0053067207336426,SDCe-LS,119,yes,yes,yes,4
329,1,-6.701992024224102,1.3733301162719727,SDCe,225,yes,yes,no,4
330,1,-6.701992001655555,0.945936918258667,SCe-LS,171,yes,no,yes,4
331,1,-6.70199202037298,0.9992401599884033,SCe,232,yes,no,no,4
332,1,-6.701991927532737,0.9664890766143799,SDC-LS,105,no,yes,yes,4
333,1,-6.701986110028471,5.520226955413818,SDC,1009,no,yes,no,4
334,1,-6.701991841091519,0.9402251243591309,SC-LS,180,no,no,yes,4
335,1,-6.701985153332379,4.582550048828125,SC,1093,no,no,no,4
336,2,-6.818533595043271,1.3397369384765625,SDCe-LS,122,yes,yes,yes,4
337,2,-6.818533592481632,1.4811062812805176,SDCe,249,yes,yes,no,4
338,2,-6.909823214638799,1.1828899383544922,SCe-LS,199,yes,no,yes,4
339,2,-6.818533594626194,1.0960619449615479,SCe,258,yes,no,no,4
340,2,-6.818533564609048,1.6565828323364258,SDC-LS,157,no,yes,yes,4
341,2,-6.818529763006804,6.252994060516357,SDC,1182,no,yes,no,4
342,2,-6.81853350999329,0.8933238983154297,SC-LS,168,no,no,yes,4
343,2,-6.8185289944456375,5.353717088699341,SC,1313,no,no,no,4
344,3,-7.41828806293849,3.8262088298797607,SDCe-LS,384,yes,yes,yes,4
345,3,-7.418288062434613,3.2579028606414795,SDCe,653,yes,yes,no,4
346,3,-7.418288052501101,1.51462984085083,SCe-LS,311,yes,no,yes,4
347,3,-7.41828806609467,2.5509068965911865,SCe,679,yes,no,no,4
348,3,-7.477418051040023,1.5842969417572021,SDC-LS,195,no,yes,yes,4
349,3,-7.477413557742698,12.181586980819702,SDC,2352,no,yes,no,4
350,3,-7.418288039192851,1.8341100215911865,SC-LS,365,no,no,yes,4
351,3,-6.970162125145015,9.376127004623413,SC,2500,no,no,no,4
352,4,-6.926277622887758,2.3504629135131836,SDCe-LS,271,yes,yes,yes,4
353,4,-7.907967325082483,3.975954055786133,SDCe,642,yes,yes,no,4
354,4,-7.405478924002842,2.076447010040283,SCe-LS,360,yes,no,yes,4
355,4,-7.907967324635738,2.4228298664093018,SCe,590,yes,no,no,4
356,4,-7.703484384384097,1.4428651332855225,SDC-LS,147,no,yes,yes,4
357,4,-7.4086411050261995,11.890055894851685,SDC,2221,no,yes,no,4
358,4,-6.706266841300458,1.2066941261291504,SC-LS,235,no,no,yes,4
359,4,-7.408638955484587,9.059431076049805,SC,2390,no,no,no,4
360,5,-7.133508782769134,1.7983098030090332,SDCe-LS,205,yes,yes,yes,4
361,5,-7.133508786467379,1.918139934539795,SDCe,316,yes,yes,no,4
362,5,-7.133508786313915,0.7638149261474609,SCe-LS,134,yes,no,yes,4
363,5,-7.133508658040839,1.2969918251037598,SCe,312,yes,no,no,4
364,5,-7.133508774295053,1.1515729427337646,SDC-LS,102,no,yes,yes,4
365,5,-6.956449495549813,13.40708613395691,SDC,2500,no,yes,no,4
366,5,-7.1335087749052395,0.7843470573425293,SC-LS,145,no,no,yes,4
367,5,-6.955902738558418,9.221925020217896,SC,2500,no,no,no,4
368,6,-7.198383323293339,2.250072956085205,SDCe-LS,270,yes,yes,yes,4
369,6,-7.120802540493689,3.097409725189209,SDCe,477,yes,yes,no,4
370,6,-7.464423277730242,1.6736397743225098,SCe-LS,272,yes,no,yes,4
371,6,-7.084524331336416,1.8360579013824463,SCe,417,yes,no,no,4
372,6,-7.874890001383735,5.10306978225708,SDC-LS,423,no,yes,yes,4
373,6,-7.189531611665107,12.395015239715576,SDC,1527,no,yes,no,4
374,6,-7.45020048718761,2.8564350605010986,SC-LS,506,no,no,yes,4
375,6,-7.197089688997414,4.948213815689087,SC,1023,no,no,no,4
376,7,-7.485056336487261,1.3821310997009277,SDCe-LS,127,yes,yes,yes,4
377,7,-7.485056335403606,2.096827983856201,SDCe,291,yes,yes,no,4
378,7,-7.4850563211470735,0.8849527835845947,SCe-LS,169,yes,no,yes,4
379,7,-7.485056336920113,1.3204741477966309,SCe,305,yes,no,no,4
380,7,-7.147014663472621,0.8219451904296875,SDC-LS,87,no,yes,yes,4
381,7,-7.4850527434073335,6.730514764785767,SDC,1097,no,yes,no,4
382,7,-7.485056237159542,1.4460129737854004,SC-LS,161,no,no,yes,4
383,7,-7.485053356738982,5.02302098274231,SC,1177,no,no,no,4
384,8,-7.133490752796581,1.1659860610961914,SDCe-LS,116,yes,yes,yes,4
385,8,-7.1334906034558365,1.798088788986206,SDCe,224,yes,yes,no,4
386,8,-7.133490744222231,0.8471198081970215,SCe-LS,158,yes,no,yes,4
387,8,-7.133490642669342,1.0013797283172607,SCe,236,yes,no,no,4
388,8,-7.239665337215756,1.1231839656829834,SDC-LS,127,no,yes,yes,4
389,8,-7.133486691651026,7.585168838500977,SDC,1047,no,yes,no,4
390,8,-7.133490681556751,0.7942302227020264,SC-LS,137,no,no,yes,4
391,8,-7.133486696045086,6.478869915008545,SC,1119,no,no,no,4
392,9,-7.254635318562605,6.899579763412476,SDCe-LS,405,yes,yes,yes,4
393,9,-7.25463532532716,2.519620895385742,SDCe,331,yes,yes,no,4
394,9,-7.0403305441710184,2.560765027999878,SCe-LS,326,yes,no,yes,4
395,9,-7.254635323704358,1.977174997329712,SCe,381,yes,no,no,4
396,9,-6.945779824988362,4.835860967636108,SDC-LS,395,no,yes,yes,4
397,9,-7.595899393409001,16.822372913360596,SDC,2500,no,yes,no,4
398,9,-7.254635157101793,1.7662839889526367,SC-LS,266,no,no,yes,4
399,9,-7.168832488353816,14.352701902389526,SC,2500,no,no,no,4
400,0,-6.825624838956872,2.519059896469116,SDCe-LS,235,yes,yes,yes,5
401,0,-7.396157766855005,2.292318820953369,SDCe,288,yes,yes,no,5
402,0,-7.396157841559815,1.2735180854797363,SCe-LS,168,yes,no,yes,5
403,0,-7.396157780900995,1.6553568840026855,SCe,298,yes,no,no,5
404,0,-6.825624598018079,3.7172112464904785,SDC-LS,231,no,yes,yes,5
405,0,-7.396155827255502,9.335551023483276,SDC,1248,no,yes,no,5
406,0,-7.396157815167452,1.514847993850708,SC-LS,165,no,no,yes,5
407,0,-7.396155519483132,6.236505031585693,SC,1350,no,no,no,5
408,1,-7.36774630206855,1.7265982627868652,SDCe-LS,161,yes,yes,yes,5
409,1,-7.36774618362646,2.276723861694336,SDCe,357,yes,yes,no,5
410,1,-7.367746304594371,1.8343160152435303,SCe-LS,245,yes,no,yes,5
411,1,-7.36774622939153,1.4812726974487305,SCe,373,yes,no,no,5
412,1,-7.367746285256614,2.0117900371551514,SDC-LS,144,no,yes,yes,5
413,1,-7.367743501526215,10.503705024719238,SDC,1969,no,yes,no,5
414,1,-7.367746278428764,1.2723970413208008,SC-LS,239,no,no,yes,5
415,1,-7.3677430229113305,10.492113828659058,SC,2118,no,no,no,5
416,2,-7.573648933044336,1.6758770942687988,SDCe-LS,129,yes,yes,yes,5
417,2,-7.573648947609755,2.0106310844421387,SDCe,279,yes,yes,no,5
418,2,-7.573648912766026,1.2349140644073486,SCe-LS,174,yes,no,yes,5
419,2,-7.573648948368243,1.4305598735809326,SCe,290,yes,no,no,5
420,2,-7.573648926224278,1.1724328994750977,SDC-LS,126,no,yes,yes,5
421,2,-7.389814286582736,16.68144416809082,SDC,2023,no,yes,no,5
422,2,-7.389817750000889,1.8582708835601807,SC-LS,285,no,no,yes,5
423,2,-7.389814250688476,11.369163036346436,SC,2187,no,no,no,5
424,3,-7.289900334621719,1.8023841381072998,SDCe-LS,165,yes,yes,yes,5
425,3,-7.289900259458035,1.920353889465332,SDCe,252,yes,yes,no,5
426,3,-7.289900317256123,1.330482006072998,SCe-LS,254,yes,no,yes,5
427,3,-7.289900294907017,1.1164038181304932,SCe,262,yes,no,no,5
428,3,-7.289900311346759,1.1274340152740479,SDC-LS,206,no,yes,yes,5
429,3,-7.289892114765966,9.611428260803223,SDC,1887,no,yes,no,5
430,3,-7.289900217091677,1.0693821907043457,SC-LS,206,no,no,yes,5
431,3,-7.289890047032094,7.6493659019470215,SC,1877,no,no,no,5
432,4,-7.387062693496516,3.6321868896484375,SDCe-LS,360,yes,yes,yes,5
433,4,-7.4036947848149985,2.7575430870056152,SDCe,499,yes,yes,no,5
434,4,-7.115160640703761,3.048973798751831,SCe-LS,516,yes,no,yes,5
435,4,-7.403694787283357,2.31894588470459,SCe,502,yes,no,no,5
436,4,-7.120814789758584,2.7386069297790527,SDC-LS,318,no,yes,yes,5
437,4,-7.146173201428448,13.67100191116333,SDC,2500,no,yes,no,5
438,4,-7.403694662464856,2.1508941650390625,SC-LS,370,no,no,yes,5
439,4,-7.116645123903953,11.154858112335205,SC,2500,no,no,no,5
440,5,-7.3257463097770605,0.9480981826782227,SDCe-LS,95,yes,yes,yes,5
441,5,-7.325746276511122,1.8214740753173828,SDCe,242,yes,yes,no,5
442,5,-7.325746308445665,1.0218799114227295,SCe-LS,160,yes,no,yes,5
443,5,-7.325746280120532,1.1878740787506104,SCe,262,yes,no,no,5
444,5,-7.325746267078737,1.3722591400146484,SDC-LS,124,no,yes,yes,5
445,5,-7.325743575740306,6.92188286781311,SDC,1019,no,yes,no,5
446,5,-7.325746292793465,1.2083117961883545,SC-LS,186,no,no,yes,5
447,5,-7.325744090946424,4.081218242645264,SC,917,no,no,no,5
448,6,-7.505759410243529,1.7953248023986816,SDCe-LS,185,yes,yes,yes,5
449,6,-6.87020959331537,2.1090431213378906,SDCe,331,yes,yes,no,5
450,6,-7.505759395243497,1.711932897567749,SCe-LS,298,yes,no,yes,5
451,6,-7.505759367979721,1.7697241306304932,SCe,391,yes,no,no,5
452,6,-7.680794968865964,3.7456767559051514,SDC-LS,416,no,yes,yes,5
453,6,-7.121488378309358,7.2283923625946045,SDC,1287,no,yes,no,5
454,6,-6.8702096297805,1.0879809856414795,SC-LS,191,no,no,yes,5
455,6,-7.659010110960367,10.552303075790405,SC,2500,no,no,no,5
456,7,-7.26257150680533,0.9453508853912354,SDCe-LS,104,yes,yes,yes,5
457,7,-7.2625714850769265,1.4172160625457764,SDCe,210,yes,yes,no,5
458,7,-7.262571506339745,0.7608909606933594,SCe-LS,126,yes,no,yes,5
459,7,-7.262571489921225,0.9996218681335449,SCe,218,yes,no,no,5
460,7,-7.262571412821153,0.9725961685180664,SDC-LS,92,no,yes,yes,5
461,7,-7.262568403288464,5.952980995178223,SDC,926,no,yes,no,5
462,7,-7.262571488468359,0.7736446857452393,SC-LS,125,no,no,yes,5
463,7,-7.262568365457405,4.30987286567688,SC,967,no,no,no,5
464,8,-7.220816481290026,1.4670741558074951,SDCe-LS,141,yes,yes,yes,5
465,8,-7.331336446301055,1.5837879180908203,SDCe,263,yes,yes,no,5
466,8,-7.440064378524449,0.8738439083099365,SCe-LS,166,yes,no,yes,5
467,8,-7.440064435734307,1.216860055923462,SCe,275,yes,no,no,5
468,8,-7.2208164442610805,1.011491060256958,SDC-LS,111,no,yes,yes,5
469,8,-7.220808425289096,7.495443820953369,SDC,1289,no,yes,no,5
470,8,-7.352924161492648,1.7904062271118164,SC-LS,305,no,no,yes,5
471,8,-7.2208083949772375,5.59771203994751,SC,1376,no,no,no,5
472,9,-7.348458374332576,1.0039401054382324,SDCe-LS,100,yes,yes,yes,5
473,9,-7.369912824282512,2.3792150020599365,SDCe,362,yes,yes,no,5
474,9,-7.228145726285409,1.783905029296875,SCe-LS,307,yes,no,yes,5
475,9,-7.369912824746797,1.7438359260559082,SCe,393,yes,no,no,5
476,9,-7.348458262061522,0.7491950988769531,SDC-LS,83,no,yes,yes,5
477,9,-7.3273238852889175,18.355783224105835,SDC,2500,no,yes,no,5
478,9,-7.32742509749867,2.155123233795166,SC-LS,354,no,no,yes,5
479,9,-7.326888537266499,10.719533205032349,SC,2500,no,no,no,5
480,0,-6.898037902882613,0.6884732246398926,SDCe-LS,85,yes,yes,yes,6
481,0,-6.898037910806237,1.0079309940338135,SDCe,166,yes,yes,no,6
482,0,-6.898037879733896,0.6204369068145752,SCe-LS,113,yes,no,yes,6
483,0,-6.898037907692881,0.7213070392608643,SCe,171,yes,no,no,6
484,0,-6.898037917594152,0.7101211547851562,SDC-LS,76,no,yes,yes,6
485,0,-6.898034452097445,4.554870843887329,SDC,736,no,yes,no,6
486,0,-6.898037534671981,0.5731868743896484,SC-LS,97,no,no,yes,6
487,0,-6.8980339168425076,3.5229620933532715,SC,776,no,no,no,6
488,1,-7.1372865754116495,4.453449964523315,SDCe-LS,573,yes,yes,yes,6
489,1,-6.955299276859005,1.4962828159332275,SDCe,272,yes,yes,no,6
490,1,-7.158475612949567,0.9559600353240967,SCe-LS,170,yes,no,yes,6
491,1,-6.955299288759063,1.236133098602295,SCe,284,yes,no,no,6
492,1,-7.137286557695328,4.382780075073242,SDC-LS,580,no,yes,yes,6
493,1,-6.721992188380205,13.083101272583008,SDC,2500,no,yes,no,6
494,1,-6.955299151858467,0.8761389255523682,SC-LS,154,no,no,yes,6
495,1,-6.95529690117441,5.213632822036743,SC,1225,no,no,no,6
496,2,-7.129864901010273,1.4135088920593262,SDCe-LS,158,yes,yes,yes,6
497,2,-7.173580856326207,2.482219934463501,SDCe,369,yes,yes,no,6
498,2,-7.173580800852819,3.169365167617798,SCe-LS,503,yes,no,yes,6
499,2,-6.9722012338421795,1.146273136138916,SCe,270,yes,no,no,6
500,2,-7.186240279786073,2.777864933013916,SDC-LS,319,no,yes,yes,6
501,2,-7.276934439961011,15.583949089050293,SDC,2275,no,yes,no,6
502,2,-7.276936436099328,1.9607110023498535,SC-LS,270,no,no,yes,6
503,2,-7.061612442122332,7.617568731307983,SC,1541,no,no,no,6
504,3,-7.547826673203809,1.858551025390625,SDCe-LS,168,yes,yes,yes,6
505,3,-7.547826684823621,1.8341782093048096,SDCe,348,yes,yes,no,6
506,3,-7.547826682459123,1.2738139629364014,SCe-LS,252,yes,no,yes,6
507,3,-7.547826464576142,1.4871408939361572,SCe,338,yes,no,no,6
508,3,-7.547826666682971,1.4046862125396729,SDC-LS,156,no,yes,yes,6
509,3,-7.5478218274965485,11.045700788497925,SDC,1880,no,yes,no,6
510,3,-7.547826521929936,1.386380910873413,SC-LS,241,no,no,yes,6
511,3,-7.547820978743763,10.224065780639648,SC,2004,no,no,no,6
512,4,-7.560289952159023,1.2350571155548096,SDCe-LS,107,yes,yes,yes,6
513,4,-7.56028992494102,1.9913129806518555,SDCe,283,yes,yes,no,6
514,4,-7.560289953539624,0.8712906837463379,SCe-LS,147,yes,no,yes,6
515,4,-7.560289932597085,1.0245230197906494,SCe,285,yes,no,no,6
516,4,-7.560289876660482,0.7396137714385986,SDC-LS,88,no,yes,yes,6
517,4,-7.5602866246542755,6.03200101852417,SDC,1067,no,yes,no,6
518,4,-7.56028984703188,0.8519630432128906,SC-LS,158,no,no,yes,6
519,4,-7.560286629719872,4.695033073425293,SC,1136,no,no,no,6
520,5,-7.50922024354254,2.7112929821014404,SDCe-LS,288,yes,yes,yes,6
521,5,-7.509220247961197,2.5166730880737305,SDCe,387,yes,yes,no,6
522,5,-7.509220117985793,2.294351100921631,SCe-LS,367,yes,no,yes,6
523,5,-7.509220225376907,1.8329741954803467,SCe,404,yes,no,no,6
524,5,-7.509219868594872,2.527190685272217,SDC-LS,233,no,yes,yes,6
525,5,-7.509204097012302,14.24011492729187,SDC,2408,no,yes,no,6
526,5,-7.509219749388997,1.8072340488433838,SC-LS,343,no,no,yes,6
527,5,-7.509198974312541,12.876970052719116,SC,2500,no,no,no,6
528,6,-7.383143716146035,1.9173529148101807,SDCe-LS,149,yes,yes,yes,6
529,6,-7.565986010309771,1.430107831954956,SDCe,203,yes,yes,no,6
530,6,-7.383143701241865,0.6410541534423828,SCe-LS,108,yes,no,yes,6
531,6,-7.5659859773376565,0.9551539421081543,SCe,222,yes,no,no,6
532,6,-7.383143551424892,0.5844810009002686,SDC-LS,56,no,yes,yes,6
533,6,-7.383140973809818,4.064941167831421,SDC,649,no,yes,no,6
534,6,-7.38314368265543,0.636991024017334,SC-LS,121,no,no,yes,6
535,6,-7.38314047024925,2.9928438663482666,SC,701,no,no,no,6
536,7,-6.989949348263368,2.204989194869995,SDCe-LS,211,yes,yes,yes,6
537,7,-6.989949342557037,2.169679880142212,SDCe,363,yes,yes,no,6
538,7,-6.989949346122275,1.8257989883422852,SCe-LS,297,yes,no,yes,6
539,7,-6.989949345308223,1.7845158576965332,SCe,375,yes,no,no,6
540,7,-6.989949295997661,2.559493064880371,SDC-LS,192,no,yes,yes,6
541,7,-6.9379846883089495,16.058074951171875,SDC,2500,no,yes,no,6
542,7,-6.989949239860207,2.066667079925537,SC-LS,301,no,no,yes,6
543,7,-6.974665661329057,12.088102340698242,SC,2500,no,no,no,6
544,8,-6.437880200993434,2.0338428020477295,SDCe-LS,228,yes,yes,yes,6
545,8,-7.054132103786377,2.595918893814087,SDCe,393,yes,yes,no,6
546,8,-6.437880096543129,1.9441440105438232,SCe-LS,327,yes,no,yes,6
547,8,-6.4378801616473424,1.4631989002227783,SCe,322,yes,no,no,6
548,8,-6.999628838299648,2.890779972076416,SDC-LS,258,no,yes,yes,6
549,8,-6.627505344855931,6.141817092895508,SDC,986,no,yes,no,6
550,8,-6.437879334448539,1.5937352180480957,SC-LS,299,no,no,yes,6
551,8,-6.62750480547254,4.878458261489868,SC,1153,no,no,no,6
552,9,-6.993486181826912,2.0696840286254883,SDCe-LS,210,yes,yes,yes,6
553,9,-7.5298050077493315,2.0167651176452637,SDCe,333,yes,yes,no,6
554,9,-7.529805032608769,1.4342429637908936,SCe-LS,263,yes,no,yes,6
555,9,-7.529805012561386,1.5457420349121094,SCe,344,yes,no,no,6
556,9,-7.529804907057042,2.2568180561065674,SDC-LS,255,no,yes,yes,6
557,9,-7.528509752116858,13.878422975540161,SDC,2500,no,yes,no,6
558,9,-7.529805010774847,1.637923240661621,SC-LS,351,no,no,yes,6
559,9,-7.528442931920125,9.625521183013916,SC,2500,no,no,no,6
560,0,-7.361648409886769,3.1038990020751953,SDCe-LS,335,yes,yes,yes,7
561,0,-7.2378839889850415,2.031522750854492,SDCe,309,yes,yes,no,7
562,0,-7.237883976275373,1.2754690647125244,SCe-LS,222,yes,no,yes,7
563,0,-7.237883977546598,1.2875142097473145,SCe,291,yes,no,no,7
564,0,-7.304624035811793,1.279736042022705,SDC-LS,125,no,yes,yes,7
565,0,-7.0444662874340604,10.896831035614014,SDC,1918,no,yes,no,7
566,0,-7.304624063662333,1.581737995147705,SC-LS,289,no,no,yes,7
567,0,-7.044465635697787,8.114666938781738,SC,2074,no,no,no,7
568,1,-7.381543190523029,1.88639497756958,SDCe-LS,167,yes,yes,yes,7
569,1,-7.008648962382592,1.8989038467407227,SDCe,232,yes,yes,no,7
570,1,-7.008648961800643,1.279778003692627,SCe-LS,177,yes,no,yes,7
571,1,-7.008648964739107,1.2506117820739746,SCe,247,yes,no,no,7
572,1,-7.07235254569235,0.9802999496459961,SDC-LS,98,no,yes,yes,7
573,1,-7.008643399962892,8.545748949050903,SDC,1149,no,yes,no,7
574,1,-7.008648862622712,0.9262948036193848,SC-LS,159,no,no,yes,7
575,1,-7.008643568315536,5.091154098510742,SC,1150,no,no,no,7
576,2,-7.007204134910974,2.0768351554870605,SDCe-LS,173,yes,yes,yes,7
577,2,-7.007204151787272,1.9549150466918945,SDCe,231,yes,yes,no,7
578,2,-7.007204113281192,1.2440309524536133,SCe-LS,184,yes,no,yes,7
579,2,-7.007204144583543,1.0409719944000244,SCe,219,yes,no,no,7
580,2,-7.0073630601069254,1.4534218311309814,SDC-LS,177,no,yes,yes,7
581,2,-7.007353102724512,8.216494083404541,SDC,1363,no,yes,no,7
582,2,-7.0072040053018565,1.1205248832702637,SC-LS,192,no,no,yes,7
583,2,-7.007352958004248,7.0740180015563965,SC,1512,no,no,no,7
584,3,-7.669057073236337,2.393446922302246,SDCe-LS,170,yes,yes,yes,7
585,3,-7.66905704596666,2.8467438220977783,SDCe,333,yes,yes,no,7
586,3,-7.669057074223909,1.7646050453186035,SCe-LS,217,yes,no,yes,7
587,3,-7.669057052426751,1.9010663032531738,SCe,351,yes,no,no,7
588,3,-7.669057040483867,2.196381092071533,SDC-LS,215,no,yes,yes,7
589,3,-7.469882388900258,14.955711841583252,SDC,2500,no,yes,no,7
590,3,-7.669057054346542,1.2445688247680664,SC-LS,239,no,no,yes,7
591,3,-7.467538403853113,10.78305983543396,SC,2500,no,no,no,7
592,4,-7.1075644663037,2.6738030910491943,SDCe-LS,248,yes,yes,yes,7
593,4,-7.107564355875455,1.4957959651947021,SDCe,270,yes,yes,no,7
594,4,-7.107564476705141,1.179335117340088,SCe-LS,248,yes,no,yes,7
595,4,-7.107564402123086,1.2514138221740723,SCe,279,yes,no,no,7
596,4,-7.1075643713297705,1.9533822536468506,SDC-LS,210,no,yes,yes,7
597,4,-7.107559220381748,11.064341068267822,SDC,1812,no,yes,no,7
598,4,-7.107564366497933,1.096498966217041,SC-LS,205,no,no,yes,7
599,4,-7.107559244823665,7.033437967300415,SC,1830,no,no,no,7
600,5,-7.372038085347079,1.8334441184997559,SDCe-LS,164,yes,yes,yes,7
601,5,-7.37203807871989,2.1017940044403076,SDCe,285,yes,yes,no,7
602,5,-7.372038073893025,1.1861462593078613,SCe-LS,169,yes,no,yes,7
603,5,-7.372038091478918,1.57072114944458,SCe,287,yes,no,no,7
604,5,-7.372037987619306,1.3784630298614502,SDC-LS,151,no,yes,yes,7
605,5,-7.372034114416478,10.732103824615479,SDC,1462,no,yes,no,7
606,5,-7.372038060740904,1.1749179363250732,SC-LS,200,no,no,yes,7
607,5,-7.37203414609918,7.594954967498779,SC,1521,no,no,no,7
608,6,-7.42429832622369,3.8787200450897217,SDCe-LS,213,yes,yes,yes,7
609,6,-7.424298349016812,4.457366943359375,SDCe,415,yes,yes,no,7
610,6,-7.424298307282102,2.684281826019287,SCe-LS,308,yes,no,yes,7
611,6,-7.424298346353342,2.9086170196533203,SCe,432,yes,no,no,7
612,6,-7.424298177338528,3.7998437881469727,SDC-LS,213,no,yes,yes,7
613,6,-7.4242938797869495,17.581401109695435,SDC,2475,no,yes,no,7
614,6,-7.424298190877895,1.9296162128448486,SC-LS,299,no,no,yes,7
615,6,-7.424281944429289,13.83792519569397,SC,2500,no,no,no,7
616,7,-7.904705139109828,3.3578569889068604,SDCe-LS,286,yes,yes,yes,7
617,7,-7.867992736854616,3.3431241512298584,SDCe,450,yes,yes,no,7
618,7,-6.9625864430479005,1.7218060493469238,SCe-LS,226,yes,no,yes,7
619,7,-7.867992769005283,2.64077091217041,SCe,471,yes,no,no,7
620,7,-7.63885943338201,1.5988779067993164,SDC-LS,116,no,yes,yes,7
621,7,-7.638855740288248,10.56161880493164,SDC,1346,no,yes,no,7
622,7,-7.867992859653154,1.6828429698944092,SC-LS,266,no,no,yes,7
623,7,-7.638855739964193,7.719913959503174,SC,1478,no,no,no,7
624,8,-7.275540671912081,1.4033889770507812,SDCe-LS,128,yes,yes,yes,7
625,8,-7.2755405931241235,1.6678729057312012,SDCe,222,yes,yes,no,7
626,8,-7.275540672345349,0.9554638862609863,SCe-LS,169,yes,no,yes,7
627,8,-7.275540616810202,1.1319739818572998,SCe,229,yes,no,no,7
628,8,-7.275540601927535,1.5211520195007324,SDC-LS,114,no,yes,yes,7
629,8,-7.275536281555799,9.222378015518188,SDC,1308,no,yes,no,7
630,8,-7.275540536639505,1.3416211605072021,SC-LS,175,no,no,yes,7
631,8,-7.275535566449928,10.725981950759888,SC,1365,no,no,no,7
632,9,-7.522872937608248,5.251219987869263,SDCe-LS,245,yes,yes,yes,7
633,9,-7.0072748798793345,3.775251865386963,SDCe,329,yes,yes,no,7
634,9,-7.007275214283236,2.7591781616210938,SCe-LS,286,yes,no,yes,7
635,9,-7.0072750268340736,2.085252046585083,SCe,330,yes,no,no,7
636,9,-7.522872863123007,4.192352056503296,SDC-LS,251,no,yes,yes,7
637,9,-7.5222097233679435,16.393614053726196,SDC,2500,no,yes,no,7
638,9,-7.5228728952438555,2.2866921424865723,SC-LS,355,no,no,yes,7
639,9,-7.517056478161271,12.112740993499756,SC,2500,no,no,no,7
640,0,-7.283339759007148,1.287951946258545,SDCe-LS,126,yes,yes,yes,8
641,0,-7.4165501656996815,4.2056779861450195,SDCe,652,yes,yes,no,8
642,0,-7.057061095552913,1.5587708950042725,SCe-LS,246,yes,no,yes,8
643,0,-7.057061105324984,1.6392390727996826,SCe,340,yes,no,no,8
644,0,-7.283339746642591,1.7482490539550781,SDC-LS,139,no,yes,yes,8
645,0,-7.28333738685015,10.353004932403564,SDC,1560,no,yes,no,8
646,0,-7.182310489319254,1.6315391063690186,SC-LS,270,no,no,yes,8
647,0,-7.2833370130333375,8.373304843902588,SC,1663,no,no,no,8
648,1,-7.2708995878999465,4.697547912597656,SDCe-LS,440,yes,yes,yes,8
649,1,-7.500374793333291,2.237659215927124,SDCe,324,yes,yes,no,8
650,1,-7.270899550401436,4.252924919128418,SCe-LS,661,yes,no,yes,8
651,1,-7.500374792756565,1.5920178890228271,SCe,337,yes,no,no,8
652,1,-7.301827182422361,3.1470048427581787,SDC-LS,317,no,yes,yes,8
653,1,-7.499770377059486,9.324050903320312,SDC,1503,no,yes,no,8
654,1,-7.270899133345711,4.0303449630737305,SC-LS,646,no,no,yes,8
655,1,-7.145499231091488,11.62024712562561,SC,2500,no,no,no,8
656,2,-6.9314530221573785,1.2193381786346436,SDCe-LS,113,yes,yes,yes,8
657,2,-6.931453025589512,1.60524582862854,SDCe,213,yes,yes,no,8
658,2,-6.931453012660837,0.8310859203338623,SCe-LS,132,yes,no,yes,8
659,2,-6.931452985108991,1.0826170444488525,SCe,212,yes,no,no,8
660,2,-6.931453013532343,1.1671230792999268,SDC-LS,103,no,yes,yes,8
661,2,-6.9314489752259565,6.545548915863037,SDC,957,no,yes,no,8
662,2,-6.931452977856702,0.7779479026794434,SC-LS,123,no,no,yes,8
663,2,-6.9314489672236235,4.9810521602630615,SC,993,no,no,no,8
664,3,-7.192081153175618,1.160491943359375,SDCe-LS,101,yes,yes,yes,8
665,3,-7.075075686388864,1.827538013458252,SDCe,242,yes,yes,no,8
666,3,-7.075075670308378,0.8311958312988281,SCe-LS,161,yes,no,yes,8
667,3,-7.075075685160464,0.7133541107177734,SCe,241,yes,no,no,8
668,3,-7.192081068402809,0.9625351428985596,SDC-LS,135,no,yes,yes,8
669,3,-7.075069833660167,6.849101781845093,SDC,1056,no,yes,no,8
670,3,-7.075075582628366,1.062162160873413,SC-LS,169,no,no,yes,8
671,3,-7.07506895328134,5.585352897644043,SC,1137,no,no,no,8
672,4,-7.635697185394202,1.5451271533966064,SDCe-LS,131,yes,yes,yes,8
673,4,-6.964513117063972,2.311084032058716,SDCe,327,yes,yes,no,8
674,4,-6.96451310812053,2.0491440296173096,SCe-LS,321,yes,no,yes,8
675,4,-6.964513117831724,1.520012617111206,SCe,354,yes,no,no,8
676,4,-7.534146082019021,1.4339427947998047,SDC-LS,143,no,yes,yes,8
677,4,-6.9988151515349735,19.344653129577637,SDC,2500,no,yes,no,8
678,4,-6.964512998894847,1.829894781112671,SC-LS,295,no,no,yes,8
679,4,-6.929958297369605,9.676186084747314,SC,1797,no,no,no,8
680,5,-7.227302696601098,1.604750156402588,SDCe-LS,112,yes,yes,yes,8
681,5,-7.2273026893567724,1.659208059310913,SDCe,208,yes,yes,no,8
682,5,-7.22730269788065,1.0604450702667236,SCe-LS,163,yes,no,yes,8
683,5,-7.2273026957104936,1.1146900653839111,SCe,216,yes,no,no,8
684,5,-7.227302663459622,1.1431958675384521,SDC-LS,94,no,yes,yes,8
685,5,-7.22729846797497,7.208966255187988,SDC,1083,no,yes,no,8
686,5,-7.227302562876463,0.9072120189666748,SC-LS,148,no,no,yes,8
687,5,-7.227297755336555,5.342294931411743,SC,1161,no,no,no,8
688,6,-7.144746425405703,0.9439151287078857,SDCe-LS,87,yes,yes,yes,8
689,6,-7.144746239713348,1.6003849506378174,SDCe,200,yes,yes,no,8
690,6,-7.639503081711429,1.8332390785217285,SCe-LS,287,yes,no,yes,8
691,6,-7.1447462813215985,0.9599239826202393,SCe,204,yes,no,no,8
692,6,-7.63950278064555,2.4336557388305664,SDC-LS,220,no,yes,yes,8
693,6,-7.639493934990815,13.966974020004272,SDC,2153,no,yes,no,8
694,6,-7.144746407669114,0.7826941013336182,SC-LS,129,no,no,yes,8
695,6,-7.144744171178472,4.934603929519653,SC,1078,no,no,no,8
696,7,-7.257877459425401,1.0260250568389893,SDCe-LS,96,yes,yes,yes,8
697,7,-7.257877439833265,1.314969778060913,SDCe,185,yes,yes,no,8
698,7,-7.2578774452639045,1.1305851936340332,SCe-LS,171,yes,no,yes,8
699,7,-7.257877464139444,1.023184061050415,SCe,198,yes,no,no,8
700,7,-7.304390224037507,0.8942720890045166,SDC-LS,86,no,yes,yes,8
701,7,-7.25787087052997,11.572412967681885,SDC,1547,no,yes,no,8
702,7,-7.257877423105967,0.6507210731506348,SC-LS,88,no,no,yes,8
703,7,-7.257869194262966,9.21314787864685,SC,1748,no,no,no,8
704,8,-7.320257218402217,1.6831409931182861,SDCe-LS,159,yes,yes,yes,8
705,8,-7.320257221825134,2.4329631328582764,SDCe,321,yes,yes,no,8
706,8,-7.015806152718244,1.7453312873840332,SCe-LS,275,yes,no,yes,8
707,8,-7.320257222766382,1.914726972579956,SCe,378,yes,no,no,8
708,8,-7.320257129757016,2.0268783569335938,SDC-LS,164,no,yes,yes,8
709,8,-7.320252520398213,11.809409141540527,SDC,1556,no,yes,no,8
710,8,-7.3202571665431355,1.629685878753662,SC-LS,203,no,no,yes,8
711,8,-7.3202525128197244,9.667032718658447,SC,1636,no,no,no,8
712,9,-7.285440607023284,3.177546977996826,SDCe-LS,251,yes,yes,yes,8
713,9,-7.340535889726509,3.4728829860687256,SDCe,435,yes,yes,no,8
714,9,-7.2854406076466525,2.751354932785034,SCe-LS,428,yes,no,yes,8
715,9,-7.340535892056437,2.186375856399536,SCe,460,yes,no,no,8
716,9,-7.285440287970325,2.7809958457946777,SDC-LS,270,no,yes,yes,8
717,9,-7.285350492898537,15.747173070907593,SDC,2500,no,yes,no,8
718,9,-7.285440410305441,2.630794048309326,SC-LS,419,no,no,yes,8
719,9,-7.285103628523112,11.912959098815918,SC,2500,no,no,no,8
720,0,-7.728746688952199,1.1718270778656006,SDCe-LS,92,yes,yes,yes,9
721,0,-7.261572762328307,1.9296071529388428,SDCe,250,yes,yes,no,9
722,0,-7.261572756385484,1.0902130603790283,SCe-LS,209,yes,no,yes,9
723,0,-7.261572737670953,1.1927490234375,SCe,309,yes,no,no,9
724,0,-7.720314401348732,1.6991310119628906,SDC-LS,195,no,yes,yes,9
725,0,-7.728744657097762,6.10982084274292,SDC,1040,no,yes,no,9
726,0,-7.728746675450817,0.8638920783996582,SC-LS,142,no,no,yes,9
727,0,-7.728744314743992,4.5100321769714355,SC,1140,no,no,no,9
728,1,-7.219310257061259,1.5719988346099854,SDCe-LS,340,yes,yes,yes,9
729,1,-7.430082850353017,1.0786268711090088,SDCe,329,yes,yes,no,9
730,1,-6.930036274965547,0.42551398277282715,SCe-LS,173,yes,no,yes,9
731,1,-7.430082848364761,0.6333720684051514,SCe,312,yes,no,no,9
732,1,-7.353726686809252,0.8462390899658203,SDC-LS,220,no,yes,yes,9
733,1,-7.075262543350486,5.060758113861084,SDC,2404,no,yes,no,9
734,1,-6.930036142687737,0.3562960624694824,SC-LS,185,no,no,yes,9
735,1,-6.937545999758285,1.8515260219573975,SC,1402,no,no,no,9
736,2,-7.016809063665486,0.38329505920410156,SDCe-LS,89,yes,yes,yes,9
737,2,-7.016809035716327,0.533637285232544,SDCe,200,yes,yes,no,9
738,2,-7.01680904313464,0.2317030429840088,SCe-LS,130,yes,no,yes,9
739,2,-7.016809033186153,0.3082408905029297,SCe,211,yes,no,no,9
740,2,-7.016809038266678,0.35314297676086426,SDC-LS,93,no,yes,yes,9
741,2,-7.016805233433677,2.016308069229126,SDC,829,no,yes,no,9
742,2,-7.016808966544203,0.24479103088378906,SC-LS,116,no,no,yes,9
743,2,-7.016804551291518,1.1971580982208252,SC,888,no,no,no,9
744,3,-7.1322141378765185,0.7072880268096924,SDCe-LS,164,yes,yes,yes,9
745,3,-7.132214113892254,0.8927569389343262,SDCe,382,yes,yes,no,9
746,3,-6.830665028813968,0.7305037975311279,SCe-LS,288,yes,no,yes,9
747,3,-6.8306650549981285,0.5179290771484375,SCe,334,yes,no,no,9
748,3,-7.132214121645771,0.6391720771789551,SDC-LS,176,no,yes,yes,9
749,3,-6.830648167870418,3.6003990173339844,SDC,1706,no,yes,no,9
750,3,-7.132214121479047,0.489990234375,SC-LS,249,no,no,yes,9
751,3,-6.830648174432702,2.3895349502563477,SC,1763,no,no,no,9
752,4,-6.9751722667845435,0.426846981048584,SDCe-LS,98,yes,yes,yes,9
753,4,-7.671051742614441,1.2622730731964111,SDCe,479,yes,yes,no,9
754,4,-7.671051728991604,0.7821018695831299,SCe-LS,327,yes,no,yes,9
755,4,-7.67105174575525,0.8282959461212158,SCe,492,yes,no,no,9
756,4,-7.6258529440693525,0.9432289600372314,SDC-LS,206,no,yes,yes,9
757,4,-7.050210385337102,4.981597185134888,SDC,2253,no,yes,no,9
758,4,-7.671051628351975,0.747549295425415,SC-LS,340,no,no,yes,9
759,4,-7.070714289285881,2.8351891040802,SC,1984,no,no,no,9
760,5,-7.109125647049092,0.7891249656677246,SDCe-LS,169,yes,yes,yes,9
761,5,-7.1091256680288115,0.7238669395446777,SDCe,311,yes,yes,no,9
762,5,-7.109125613066659,0.5956408977508545,SCe-LS,249,yes,no,yes,9
763,5,-7.109125665455002,0.5000240802764893,SCe,327,yes,no,no,9
764,5,-7.109125456178949,0.5590920448303223,SDC-LS,149,no,yes,yes,9
765,5,-7.109120766575861,4.337477207183838,SDC,1980,no,yes,no,9
766,5,-7.109125435239934,0.5033810138702393,SC-LS,255,no,no,yes,9
767,5,-7.109119990198568,2.932673692703247,SC,2111,no,no,no,9
768,6,-7.207050116567984,0.8185510635375977,SDCe-LS,201,yes,yes,yes,9
769,6,-6.828608015507151,0.6597518920898438,SDCe,284,yes,yes,no,9
770,6,-6.828608004513575,0.4644348621368408,SCe-LS,215,yes,no,yes,9
771,6,-6.828608015488437,0.5825831890106201,SCe,336,yes,no,no,9
772,6,-7.207049764588041,0.4708080291748047,SDC-LS,140,no,yes,yes,9
773,6,-7.214079904417863,5.286886215209961,SDC,2500,no,yes,no,9
774,6,-7.2050558002705465,1.0888009071350098,SC-LS,448,no,no,yes,9
775,6,-7.168669248161983,3.330134153366089,SC,2500,no,no,no,9
776,7,-7.744116306605521,0.6050360202789307,SDCe-LS,141,yes,yes,yes,9
777,7,-7.564084801529306,0.48012328147888184,SDCe,205,yes,yes,no,9
778,7,-7.564084887801341,0.29729509353637695,SCe-LS,158,yes,no,yes,9
779,7,-7.564084793164852,0.3020610809326172,SCe,211,yes,no,no,9
780,7,-7.744116302739716,0.3637518882751465,SDC-LS,95,no,yes,yes,9
781,7,-7.744112538245451,2.3023691177368164,SDC,1036,no,yes,no,9
782,7,-7.564084821080579,0.27944183349609375,SC-LS,146,no,no,yes,9
783,7,-7.564079794442854,1.3531336784362793,SC,983,no,no,no,9
784,8,-7.0511423223070695,0.8346529006958008,SDCe-LS,215,yes,yes,yes,9
785,8,-7.360647526011768,0.8599159717559814,SDCe,376,yes,yes,no,9
786,8,-7.360647511034648,0.44530797004699707,SCe-LS,227,yes,no,yes,9
787,8,-7.360647523056977,0.6090459823608398,SCe,378,yes,no,no,9
788,8,-7.051141989118165,0.4146597385406494,SDC-LS,124,no,yes,yes,9
789,8,-7.042886365472542,1.5587210655212402,SDC,712,no,yes,no,9
790,8,-7.360647478903298,0.557124137878418,SC-LS,235,no,no,yes,9
791,8,-7.360642679101764,3.3054401874542236,SC,2448,no,no,no,9
792,9,-7.192068799754344,1.4393320083618164,SDCe-LS,340,yes,yes,yes,9
793,9,-7.192068773324826,1.413607120513916,SDCe,568,yes,yes,no,9
794,9,-7.192068806046418,1.0805320739746094,SCe-LS,538,yes,no,yes,9
795,9,-7.192068794156589,0.8458199501037598,SCe,614,yes,no,no,9
796,9,-7.192068701307351,1.4962680339813232,SDC-LS,378,no,yes,yes,9
797,9,-6.897479775579974,5.13107705116272,SDC,2500,no,yes,no,9
798,9,-7.192068672837235,0.9242961406707764,SC-LS,473,no,no,yes,9
799,9,-6.896727027610082,3.7370810508728027,SC,2500,no,no,no,9
