,repID,vals,times,method,iters,extrapolation,dc_updates,linesarch,pID
0,0,-95.4042581451709,2.1097238063812256,SDCe-LS,78,yes,yes,yes,0
1,0,-95.40425823514778,3.322796106338501,SDCe,175,yes,yes,no,0
2,0,-95.40425560070508,1.527890920639038,SCe-LS,136,yes,no,yes,0
3,0,-95.40425781823285,1.7046229839324951,SCe,199,yes,no,no,0
4,0,-95.40425874908891,0.3411729335784912,SDC-LS,18,no,yes,yes,0
5,0,-95.39393120237088,15.211359024047852,SDC,999,no,yes,no,0
6,0,-95.40425874908965,0.2128288745880127,SC-LS,26,no,no,yes,0
7,0,-95.39392951967409,9.465091228485107,SC,1228,no,no,no,0
8,1,-71.86785221601468,1.8021423816680908,SDCe-LS,44,yes,yes,yes,0
9,1,-71.86785220025268,2.254207134246826,SDCe,137,yes,yes,no,0
10,1,-71.86785212846848,1.2384061813354492,SCe-LS,126,yes,no,yes,0
11,1,-71.86785221426061,1.1860740184783936,SCe,152,yes,no,no,0
12,1,-71.86785220329742,1.7013230323791504,SDC-LS,36,no,yes,yes,0
13,1,-71.8678500561789,8.02262806892395,SDC,553,no,yes,no,0
14,1,-71.86785222142623,0.15737581253051758,SC-LS,27,no,no,yes,0
15,1,-71.86785005382723,3.62046480178833,SC,643,no,no,no,0
16,2,-86.99506542142956,4.635313987731934,SDCe-LS,215,yes,yes,yes,0
17,2,-83.24707621035367,3.910435199737549,SDCe,234,yes,yes,no,0
18,2,-83.24707623656684,1.9624431133270264,SCe-LS,187,yes,no,yes,0
19,2,-83.2470762642032,2.262686014175415,SCe,283,yes,no,no,0
20,2,-86.99506546595927,0.5646069049835205,SDC-LS,36,no,yes,yes,0
21,2,-86.07832157304352,20.787036895751953,SDC,1453,no,yes,no,0
22,2,-72.7181162509321,0.4685378074645996,SC-LS,51,no,no,yes,0
23,2,-83.24707423056941,8.889482975006104,SC,1109,no,no,no,0
24,3,-78.13634478567337,7.061864376068115,SDCe-LS,313,yes,yes,yes,0
25,3,-79.08300739126321,2.8142528533935547,SDCe,186,yes,yes,no,0
26,3,-79.083007391031,2.072711944580078,SCe-LS,191,yes,no,yes,0
27,3,-99.04294567225787,1.1708488464355469,SCe,147,yes,no,no,0
28,3,-80.98072134312201,8.937291145324707,SDC-LS,132,no,yes,yes,0
29,3,-83.91812228014209,23.595396041870117,SDC,1457,no,yes,no,0
30,3,-99.04294567225787,0.21961331367492676,SC-LS,23,no,no,yes,0
31,3,-79.08300425365417,8.545314073562622,SC,1033,no,no,no,0
32,4,-96.57483344038474,0.6077377796173096,SDCe-LS,33,yes,yes,yes,0
33,4,-94.67829298060508,2.721024990081787,SDCe,132,yes,yes,no,0
34,4,-94.67826238759852,0.9777209758758545,SCe-LS,94,yes,no,yes,0
35,4,-94.67829424577928,1.2421550750732422,SCe,148,yes,no,no,0
36,4,-96.57483359674461,0.30394697189331055,SDC-LS,15,no,yes,yes,0
37,4,-94.67830665363851,8.31878399848938,SDC,509,no,yes,no,0
38,4,-70.24102371450982,0.2605092525482178,SC-LS,26,no,no,yes,0
39,4,-94.67830664349373,4.704135179519653,SC,610,no,no,no,0
40,5,-97.81639783001845,0.660459041595459,SDCe-LS,32,yes,yes,yes,0
41,5,-97.89330426755248,5.064687252044678,SDCe,478,yes,yes,no,0
42,5,-97.8933044595409,4.1367340087890625,SCe-LS,456,yes,no,yes,0
43,5,-97.89330426912909,3.5257608890533447,SCe,488,yes,no,no,0
44,5,-97.89330459277494,0.8371179103851318,SDC-LS,63,no,yes,yes,0
45,5,-97.89329203543514,19.213666915893555,SDC,1843,no,yes,no,0
46,5,-97.89330459269468,0.5199460983276367,SC-LS,66,no,no,yes,0
47,5,-97.89329203241499,14.943164825439453,SC,1894,no,no,no,0
48,6,-94.38139770203298,13.508185863494873,SDCe-LS,142,yes,yes,yes,0
49,6,-87.9233507592906,1.900015115737915,SDCe,254,yes,yes,no,0
50,6,-87.92321383404015,0.3481578826904297,SCe-LS,67,yes,no,yes,0
51,6,-87.9233506642077,1.451296091079712,SCe,299,yes,no,no,0
52,6,-94.38139768245503,6.83893609046936,SDC-LS,113,no,yes,yes,0
53,6,-87.92334130514922,5.522303104400635,SDC,645,no,yes,no,0
54,6,-87.92335099070823,0.21522903442382812,SC-LS,51,no,no,yes,0
55,6,-87.92333789009672,6.065550088882446,SC,1110,no,no,no,0
56,7,-98.22361261503869,0.6320929527282715,SDCe-LS,32,yes,yes,yes,0
57,7,-98.22321633714569,1.2858948707580566,SDCe,75,yes,yes,no,0
58,7,-98.22361339650433,0.48978400230407715,SCe-LS,72,yes,no,yes,0
59,7,-98.2231532038137,0.40090274810791016,SCe,65,yes,no,no,0
60,7,-98.22361564806937,0.23111391067504883,SDC-LS,16,no,yes,yes,0
61,7,-98.22361448060286,5.1609790325164795,SDC,408,no,yes,no,0
62,7,-98.22361564809881,0.09004688262939453,SC-LS,19,no,no,yes,0
63,7,-98.2236140608153,2.225507974624634,SC,431,no,no,no,0
64,8,-99.56618715342279,0.33075928688049316,SDCe-LS,13,yes,yes,yes,0
65,8,-99.56618715342279,1.1052439212799072,SDCe,86,yes,yes,no,0
66,8,-99.56618715342279,0.42803502082824707,SCe-LS,77,yes,no,yes,0
67,8,-99.56618715342279,0.5562067031860352,SCe,101,yes,no,no,0
68,8,-99.56618715342279,0.24971413612365723,SDC-LS,9,no,yes,yes,0
69,8,-99.56618715342279,4.970196008682251,SDC,376,no,yes,no,0
70,8,-99.56618715342279,0.07349395751953125,SC-LS,18,no,no,yes,0
71,8,-99.56618715342279,2.1866848468780518,SC,454,no,no,no,0
72,9,-99.68494591638466,0.3135559558868408,SDCe-LS,11,yes,yes,yes,0
73,9,-99.68494591638466,1.1626601219177246,SDCe,59,yes,yes,no,0
74,9,-99.68494591638466,0.2998368740081787,SCe-LS,39,yes,no,yes,0
75,9,-99.68494591638466,0.3197810649871826,SCe,65,yes,no,no,0
76,9,-99.68494591638466,0.28134894371032715,SDC-LS,9,no,yes,yes,0
77,9,-99.68494591638466,2.8848588466644287,SDC,214,no,yes,no,0
78,9,-99.68494591638466,0.07003378868103027,SC-LS,16,no,no,yes,0
79,9,-99.68494591638466,1.3248441219329834,SC,249,no,no,no,0
80,0,-93.67349667160613,1.7944660186767578,SDCe-LS,98,yes,yes,yes,1
81,0,-96.12764523206607,12.29414701461792,SDCe,1213,yes,yes,no,1
82,0,-97.76639640149313,1.2109689712524414,SCe-LS,228,yes,no,yes,1
83,0,-96.12764524484822,6.495523929595947,SCe,1363,yes,no,no,1
84,0,-93.6735133107793,0.2146739959716797,SDC-LS,27,no,yes,yes,1
85,0,-97.76639553512342,14.791342973709106,SDC,1585,no,yes,no,1
86,0,-96.12764553169575,0.7845170497894287,SC-LS,121,no,no,yes,1
87,0,-97.76639505483047,8.880881071090698,SC,1800,no,no,no,1
88,1,-85.15144760004159,4.40542197227478,SDCe-LS,117,yes,yes,yes,1
89,1,-85.15144754607064,4.198544025421143,SDCe,375,yes,yes,no,1
90,1,-85.15142440727601,1.5645248889923096,SCe-LS,282,yes,no,yes,1
91,1,-78.04026694010145,0.7106249332427979,SCe,169,yes,no,no,1
92,1,-85.15144760285199,3.1135029792785645,SDC-LS,63,no,yes,yes,1
93,1,-85.15144177230934,14.97183084487915,SDC,1836,no,yes,no,1
94,1,-78.040267045149,0.1571519374847412,SC-LS,26,no,no,yes,1
95,1,-85.15143972984578,11.047376155853271,SC,2122,no,no,no,1
96,2,-99.59334680231007,0.38062477111816406,SDCe-LS,13,yes,yes,yes,1
97,2,-99.59334680231007,1.1940736770629883,SDCe,60,yes,yes,no,1
98,2,-99.59334680231007,0.39847302436828613,SCe-LS,43,yes,no,yes,1
99,2,-99.59334680231007,0.4077460765838623,SCe,69,yes,no,no,1
100,2,-99.59334680231007,0.23111701011657715,SDC-LS,9,no,yes,yes,1
101,2,-99.59334680231007,3.132701873779297,SDC,215,no,yes,no,1
102,2,-99.59334680231007,0.06804680824279785,SC-LS,16,no,no,yes,1
103,2,-99.59334680231007,1.314906120300293,SC,258,no,no,no,1
104,3,-90.82896665812217,1.2017250061035156,SDCe-LS,78,yes,yes,yes,1
105,3,-90.56660738635298,4.486894130706787,SDCe,478,yes,yes,no,1
106,3,-90.56660685273022,2.2120041847229004,SCe-LS,401,yes,no,yes,1
107,3,-90.56660730166101,2.3727071285247803,SCe,559,yes,no,no,1
108,3,-90.82904537322736,0.21671390533447266,SDC-LS,22,no,yes,yes,1
109,3,-90.56659803957638,15.142378091812134,SDC,2119,no,yes,no,1
110,3,-90.56660760326838,0.4484701156616211,SC-LS,73,no,no,yes,1
111,3,-90.5665946258315,12.778936862945557,SC,2465,no,no,no,1
112,4,-85.7466754951156,2.570629119873047,SDCe-LS,172,yes,yes,yes,1
113,4,-81.42941297762576,2.3327908515930176,SDCe,194,yes,yes,no,1
114,4,-86.62635941135193,0.5683460235595703,SCe-LS,78,yes,no,yes,1
115,4,-90.76100701584255,5.23242974281311,SCe,954,yes,no,no,1
116,4,-85.74668679602263,0.48064517974853516,SDC-LS,42,no,yes,yes,1
117,4,-81.42940992906983,7.27039909362793,SDC,844,no,yes,no,1
118,4,-88.44980421863352,0.2724330425262451,SC-LS,52,no,no,yes,1
119,4,-81.42940990762548,4.507557153701782,SC,938,no,no,no,1
120,5,-92.2008953648633,4.153198957443237,SDCe-LS,259,yes,yes,yes,1
121,5,-80.28960742917215,2.2065601348876953,SDCe,223,yes,yes,no,1
122,5,-81.80658872864791,3.3056559562683105,SCe-LS,560,yes,no,yes,1
123,5,-80.28960743573941,1.0204670429229736,SCe,243,yes,no,no,1
124,5,-92.20094309749555,0.46236681938171387,SDC-LS,56,no,yes,yes,1
125,5,-81.80657881788343,19.924280881881714,SDC,2418,no,yes,no,1
126,5,-80.28960750181554,0.17684412002563477,SC-LS,35,no,no,yes,1
127,5,-81.80654737721667,11.95715618133545,SC,2500,no,no,no,1
128,6,-84.10067094529217,1.2821519374847412,SDCe-LS,105,yes,yes,yes,1
129,6,-87.86902603578949,4.136282920837402,SDCe,491,yes,yes,no,1
130,6,-87.86902603107097,3.0220510959625244,SCe-LS,488,yes,no,yes,1
131,6,-87.8690260371643,2.612159013748169,SCe,547,yes,no,no,1
132,6,-97.45439698000445,0.25255918502807617,SDC-LS,18,no,yes,yes,1
133,6,-87.86902149172653,21.884045839309692,SDC,2459,no,yes,no,1
134,6,-87.8690260982292,0.38078975677490234,SC-LS,63,no,no,yes,1
135,6,-87.86800523821177,13.935511827468872,SC,2500,no,no,no,1
136,7,-93.67351286975435,2.98895001411438,SDCe-LS,185,yes,yes,yes,1
137,7,-87.6539613090028,7.055041074752808,SDCe,656,yes,yes,no,1
138,7,-76.31387304120733,1.4309611320495605,SCe-LS,222,yes,no,yes,1
139,7,-76.31387305180994,1.2133660316467285,SCe,221,yes,no,no,1
140,7,-93.67351331072047,0.2884197235107422,SDC-LS,34,no,yes,yes,1
141,7,-87.6538933776286,21.869903802871704,SDC,2500,no,yes,no,1
142,7,-76.31387310779846,0.16959404945373535,SC-LS,32,no,no,yes,1
143,7,-87.65364239947007,14.02202296257019,SC,2500,no,no,no,1
144,8,-85.88199833552474,4.8526611328125,SDCe-LS,123,yes,yes,yes,1
145,8,-98.2348376416466,1.6626341342926025,SDCe,110,yes,yes,no,1
146,8,-98.2348376416466,0.4715919494628906,SCe-LS,78,yes,no,yes,1
147,8,-98.2348376416466,0.6952219009399414,SCe,124,yes,no,no,1
148,8,-95.53769651712105,0.1640167236328125,SDC-LS,20,no,yes,yes,1
149,8,-85.26258169956111,18.429462909698486,SDC,2500,no,yes,no,1
150,8,-98.2348376416466,0.16963982582092285,SC-LS,21,no,no,yes,1
151,8,-85.26225748795196,11.913722038269043,SC,2500,no,no,no,1
152,9,-86.56251326028308,1.0594658851623535,SDCe-LS,79,yes,yes,yes,1
153,9,-92.26058248970872,1.270357370376587,SDCe,131,yes,yes,no,1
154,9,-92.26048337126355,0.5725808143615723,SCe-LS,81,yes,no,yes,1
155,9,-92.26058169993138,0.7498600482940674,SCe,136,yes,no,no,1
156,9,-88.41622021251527,3.446500062942505,SDC-LS,111,no,yes,yes,1
157,9,-92.26058466384166,7.05193018913269,SDC,695,no,yes,no,1
158,9,-92.26058667851538,0.20084095001220703,SC-LS,28,no,no,yes,1
159,9,-92.26058467412798,4.216219186782837,SC,734,no,no,no,1
160,0,-93.255997868056,2.717417001724243,SDCe-LS,235,yes,yes,yes,2
161,0,-93.19785280567629,2.4925100803375244,SDCe,247,yes,yes,no,2
162,0,-93.25599785553646,1.391322135925293,SCe-LS,228,yes,no,yes,2
163,0,-93.19785280091327,1.1417872905731201,SCe,239,yes,no,no,2
164,0,-93.25599810475785,0.37320613861083984,SDC-LS,49,no,yes,yes,2
165,0,-93.25599167961616,7.7692177295684814,SDC,929,no,yes,no,2
166,0,-93.25599810489263,0.25588417053222656,SC-LS,56,no,no,yes,2
167,0,-93.25598917894825,4.7012810707092285,SC,950,no,no,no,2
168,1,-97.03647879067478,0.5835390090942383,SDCe-LS,11,yes,yes,yes,2
169,1,-97.03647879067478,1.3262529373168945,SDCe,95,yes,yes,no,2
170,1,-97.03647879067478,0.6051712036132812,SCe-LS,73,yes,no,yes,2
171,1,-97.03647879067478,0.5837960243225098,SCe,108,yes,no,no,2
172,1,-88.64806958782896,0.9904518127441406,SDC-LS,31,no,yes,yes,2
173,1,-97.03647879067478,5.190973997116089,SDC,404,no,yes,no,2
174,1,-97.03647879067478,0.0889120101928711,SC-LS,19,no,no,yes,2
175,1,-97.03647879067478,2.136483907699585,SC,480,no,no,no,2
176,2,-94.94938793292721,8.90836787223816,SDCe-LS,640,yes,yes,yes,2
177,2,-94.94940102730362,8.556854009628296,SDCe,1115,yes,yes,no,2
178,2,-94.92228459744689,2.3340659141540527,SCe-LS,298,yes,no,yes,2
179,2,-94.94940081535756,6.901973009109497,SCe,1167,yes,no,no,2
180,2,-94.94940157335225,1.7987730503082275,SDC-LS,159,no,yes,yes,2
181,2,-94.93924676823116,20.762190103530884,SDC,2500,no,yes,no,2
182,2,-94.94940156810341,0.9151759147644043,SC-LS,144,no,no,yes,2
183,2,-94.93780589113837,12.330310106277466,SC,2500,no,no,no,2
184,3,-99.52368378766215,0.2106339931488037,SDCe-LS,15,yes,yes,yes,2
185,3,-87.6568313842705,2.4837429523468018,SDCe,242,yes,yes,no,2
186,3,-87.65683134222928,1.1441152095794678,SCe-LS,175,yes,no,yes,2
187,3,-87.65683137716292,1.317162036895752,SCe,231,yes,no,no,2
188,3,-87.65683146849256,0.4145810604095459,SDC-LS,33,no,yes,yes,2
189,3,-87.65682689946891,9.404407024383545,SDC,988,no,yes,no,2
190,3,-87.36432275428723,0.14666128158569336,SC-LS,26,no,no,yes,2
191,3,-87.65682690567684,5.302110910415649,SC,936,no,no,no,2
192,4,-60.752169268422506,1.618393898010254,SDCe-LS,42,yes,yes,yes,2
193,4,-60.752169273942485,1.7646100521087646,SDCe,144,yes,yes,no,2
194,4,-60.75216923472908,1.1934831142425537,SCe-LS,165,yes,no,yes,2
195,4,-60.752169241946504,1.0286250114440918,SCe,172,yes,no,no,2
196,4,-60.75216924794245,1.646493911743164,SDC-LS,39,no,yes,yes,2
197,4,-60.75216717140978,7.084136962890625,SDC,689,no,yes,no,2
198,4,-60.75216927415917,0.23545479774475098,SC-LS,31,no,no,yes,2
199,4,-60.7521663348916,4.512692928314209,SC,792,no,no,no,2
200,5,-84.96641953103895,2.2721900939941406,SDCe-LS,91,yes,yes,yes,2
201,5,-89.59303282873881,3.061382293701172,SDCe,259,yes,yes,no,2
202,5,-89.59303279674452,2.245887041091919,SCe-LS,279,yes,no,yes,2
203,5,-89.59303279502711,2.0545029640197754,SCe,340,yes,no,no,2
204,5,-84.96641950460094,1.4231500625610352,SDC-LS,60,no,yes,yes,2
205,5,-87.00070046879944,24.345165967941284,SDC,2500,no,yes,no,2
206,5,-89.59303290822507,0.2766270637512207,SC-LS,40,no,no,yes,2
207,5,-86.01330712378791,14.525208711624146,SC,2500,no,no,no,2
208,6,-94.57188894664205,1.477025032043457,SDCe-LS,114,yes,yes,yes,2
209,6,-94.57188945290613,1.6656770706176758,SDCe,196,yes,yes,no,2
210,6,-94.57188782860175,0.837500810623169,SCe-LS,139,yes,no,yes,2
211,6,-94.57188945147692,0.9442651271820068,SCe,203,yes,no,no,2
212,6,-94.57188952124989,0.2471916675567627,SDC-LS,26,no,yes,yes,2
213,6,-94.57188542861115,5.354198932647705,SDC,587,no,yes,no,2
214,6,-94.57188952125063,0.14470720291137695,SC-LS,30,no,no,yes,2
215,6,-94.57188543848395,4.155002117156982,SC,690,no,no,no,2
216,7,-81.02490931832435,2.041111946105957,SDCe-LS,146,yes,yes,yes,2
217,7,-75.71315291654051,3.0869922637939453,SDCe,295,yes,yes,no,2
218,7,-75.7131528945331,2.001211166381836,SCe-LS,279,yes,no,yes,2
219,7,-75.71315291938151,1.4759571552276611,SCe,298,yes,no,no,2
220,7,-81.02490938840444,0.337169885635376,SDC-LS,32,no,yes,yes,2
221,7,-75.71314745041269,9.248470067977905,SDC,1340,no,yes,no,2
222,7,-75.71315302902912,0.20094513893127441,SC-LS,41,no,no,yes,2
223,7,-75.71314747112262,6.699059963226318,SC,1384,no,no,no,2
224,8,-82.35224241727857,1.7710840702056885,SDCe-LS,85,yes,yes,yes,2
225,8,-79.66585132642692,2.660243034362793,SDCe,273,yes,yes,no,2
226,8,-79.66585128544767,1.7762610912322998,SCe-LS,292,yes,no,yes,2
227,8,-79.66585129556879,1.509977102279663,SCe,338,yes,no,no,2
228,8,-67.2908642026137,1.106999158859253,SDC-LS,87,no,yes,yes,2
229,8,-74.79046273093255,8.630424976348877,SDC,1210,no,yes,no,2
230,8,-79.66585137380812,0.07690811157226562,SC-LS,45,no,no,yes,2
231,8,-79.66584672166582,6.556258201599121,SC,1405,no,no,no,2
232,9,-99.73818064681376,0.18544793128967285,SDCe-LS,13,yes,yes,yes,2
233,9,-99.73818064681376,1.4317302703857422,SDCe,79,yes,yes,no,2
234,9,-99.73818064681376,0.3411228656768799,SCe-LS,60,yes,no,yes,2
235,9,-99.73818064681376,0.3921947479248047,SCe,93,yes,no,no,2
236,9,-99.73818064681376,0.1376781463623047,SDC-LS,9,no,yes,yes,2
237,9,-99.73818064681376,3.966867208480835,SDC,300,no,yes,no,2
238,9,-99.73818064681376,0.07251715660095215,SC-LS,17,no,no,yes,2
239,9,-99.73818064681376,1.7765119075775146,SC,368,no,no,no,2
240,0,-97.7126197032182,1.2567131519317627,SDCe-LS,96,yes,yes,yes,3
241,0,-84.0815806215848,2.4240598678588867,SDCe,273,yes,yes,no,3
242,0,-94.952502456518,0.8211138248443604,SCe-LS,151,yes,no,yes,3
243,0,-94.952502466451,0.9256336688995361,SCe,224,yes,no,no,3
244,0,-97.7126197032182,0.2046217918395996,SDC-LS,28,no,yes,yes,3
245,0,-92.71456928896788,13.971890926361084,SDC,1805,no,yes,no,3
246,0,-84.08158063841833,0.18068695068359375,SC-LS,41,no,no,yes,3
247,0,-84.08157716450526,6.198193073272705,SC,1454,no,no,no,3
248,1,-95.21960489470843,0.45130014419555664,SDCe-LS,37,yes,yes,yes,3
249,1,-95.21926542078046,0.7229843139648438,SDCe,64,yes,yes,no,3
250,1,-95.21958237245468,0.3182070255279541,SCe-LS,58,yes,no,yes,3
251,1,-95.21960424949606,0.4350600242614746,SCe,101,yes,no,no,3
252,1,-95.21960492657814,0.17520880699157715,SDC-LS,16,no,yes,yes,3
253,1,-95.21960412427245,3.9924027919769287,SDC,357,no,yes,no,3
254,1,-95.21960492659468,0.12353014945983887,SC-LS,20,no,no,yes,3
255,1,-95.21960385266976,6.112044095993042,SC,1280,no,no,no,3
256,2,-99.68438447264339,0.16959905624389648,SDCe-LS,13,yes,yes,yes,3
257,2,-99.68438447264339,1.4990160465240479,SDCe,66,yes,yes,no,3
258,2,-99.68438447264339,0.3110997676849365,SCe-LS,52,yes,no,yes,3
259,2,-99.68438447264339,0.32022571563720703,SCe,76,yes,no,no,3
260,2,-99.68438447264339,0.15073204040527344,SDC-LS,9,no,yes,yes,3
261,2,-99.68438447264339,3.8490920066833496,SDC,253,no,yes,no,3
262,2,-99.68438447264339,0.07556009292602539,SC-LS,16,no,no,yes,3
263,2,-99.68438447264339,1.400317907333374,SC,304,no,no,no,3
264,3,-91.92959218602127,2.599126100540161,SDCe-LS,198,yes,yes,yes,3
265,3,-91.29205477656666,5.431886196136475,SDCe,535,yes,yes,no,3
266,3,-91.29205475665412,3.8914880752563477,SCe-LS,528,yes,no,yes,3
267,3,-91.29205469050464,4.871053695678711,SCe,631,yes,no,no,3
268,3,-89.85978446486996,0.6426169872283936,SDC-LS,27,no,yes,yes,3
269,3,-91.29204564818349,18.642292976379395,SDC,2020,no,yes,no,3
270,3,-91.92964368916307,0.30691981315612793,SC-LS,64,no,no,yes,3
271,3,-91.29202657502549,12.226426839828491,SC,2500,no,no,no,3
272,4,-85.418139464089,1.0840959548950195,SDCe-LS,72,yes,yes,yes,3
273,4,-94.16543411769226,0.9413907527923584,SDCe,77,yes,yes,no,3
274,4,-94.16543411769226,0.354917049407959,SCe-LS,65,yes,no,yes,3
275,4,-94.16543411769226,0.3810408115386963,SCe,87,yes,no,no,3
276,4,-94.16543411769226,0.14859795570373535,SDC-LS,13,no,yes,yes,3
277,4,-94.16543411769226,3.3333048820495605,SDC,318,no,yes,no,3
278,4,-94.16543411769226,0.07189011573791504,SC-LS,17,no,no,yes,3
279,4,-94.16543411769226,1.5944719314575195,SC,374,no,no,no,3
280,5,-80.6627824614144,1.7591280937194824,SDCe-LS,124,yes,yes,yes,3
281,5,-77.79852714268674,2.6791679859161377,SDCe,383,yes,yes,no,3
282,5,-77.79852714530298,1.7882261276245117,SCe-LS,326,yes,no,yes,3
283,5,-77.79852714303266,1.8560819625854492,SCe,396,yes,no,no,3
284,5,-80.6627825076273,1.5842089653015137,SDC-LS,94,no,yes,yes,3
285,5,-80.94718159184387,13.800716876983643,SDC,2303,no,yes,no,3
286,5,-77.79852733184921,0.2916419506072998,SC-LS,61,no,no,yes,3
287,5,-80.9471729177881,12.08620309829712,SC,2500,no,no,no,3
288,6,-89.88568961283812,3.1035592555999756,SDCe-LS,180,yes,yes,yes,3
289,6,-89.88573076796598,3.712514877319336,SDCe,472,yes,yes,no,3
290,6,-89.88572599467074,2.289675712585449,SCe-LS,413,yes,no,yes,3
291,6,-89.8857307687066,2.363347053527832,SCe,507,yes,no,no,3
292,6,-91.5278831582873,0.3331780433654785,SDC-LS,45,no,yes,yes,3
293,6,-89.88572445258654,16.81005311012268,SDC,2234,no,yes,no,3
294,6,-89.88573089893356,0.2779700756072998,SC-LS,60,no,no,yes,3
295,6,-89.88572444115238,10.49822211265564,SC,2449,no,no,no,3
296,7,-85.70957748937371,1.7827281951904297,SDCe-LS,135,yes,yes,yes,3
297,7,-96.47902548474491,5.14404296875,SDCe,693,yes,yes,no,3
298,7,-91.52786822139961,1.5815958976745605,SCe-LS,251,yes,no,yes,3
299,7,-91.52788298769156,1.8147451877593994,SCe,388,yes,no,no,3
300,7,-85.70957761253243,1.0804340839385986,SDC-LS,64,no,yes,yes,3
301,7,-96.47898042261738,16.734780311584473,SDC,2500,no,yes,no,3
302,7,-91.5278831583401,0.24173998832702637,SC-LS,52,no,no,yes,3
303,7,-91.52787605358373,8.321099996566772,SC,1826,no,no,no,3
304,8,-92.16922044224424,4.513344049453735,SDCe-LS,123,yes,yes,yes,3
305,8,-92.16922108503576,5.439550876617432,SDCe,626,yes,yes,no,3
306,8,-92.16921538747056,3.681396961212158,SCe-LS,624,yes,no,yes,3
307,8,-92.16922108520185,3.158339738845825,SCe,728,yes,no,no,3
308,8,-92.1692211026654,3.510514974594116,SDC-LS,87,no,yes,yes,3
309,8,-91.54423574968263,20.83162021636963,SDC,2500,no,yes,no,3
310,8,-92.16922110269167,0.35486388206481934,SC-LS,81,no,no,yes,3
311,8,-91.53934370618265,11.051959037780762,SC,2500,no,no,no,3
312,9,-95.99672701769941,2.16034197807312,SDCe-LS,179,yes,yes,yes,3
313,9,-58.81887772857968,6.700430870056152,SDCe,859,yes,yes,no,3
314,9,-58.81887787659127,6.692063331604004,SCe-LS,961,yes,no,yes,3
315,9,-65.53531101978506,1.0535061359405518,SCe,208,yes,no,no,3
316,9,-95.99673351685334,0.3010520935058594,SDC-LS,37,no,yes,yes,3
317,9,-58.8187631470723,15.210613012313843,SDC,2500,no,yes,no,3
318,9,-65.53531106572876,0.16103315353393555,SC-LS,36,no,no,yes,3
319,9,-58.818585442080604,10.160274982452393,SC,2500,no,no,no,3
320,0,-97.33522492347788,0.13660383224487305,SDCe-LS,13,yes,yes,yes,4
321,0,-97.33522492347788,0.6904656887054443,SDCe,63,yes,yes,no,4
322,0,-97.33522492347788,0.27788805961608887,SCe-LS,53,yes,no,yes,4
323,0,-97.33522492347788,0.33141589164733887,SCe,76,yes,no,no,4
324,0,-97.33522492347788,0.10662412643432617,SDC-LS,9,no,yes,yes,4
325,0,-97.33522492347788,1.978100061416626,SDC,213,no,yes,no,4
326,0,-97.33522492347788,0.06759905815124512,SC-LS,16,no,no,yes,4
327,0,-97.33522492347788,1.3360230922698975,SC,290,no,no,no,4
328,1,-85.26427987830999,1.6086180210113525,SDCe-LS,99,yes,yes,yes,4
329,1,-89.17540108156845,2.1955339908599854,SDCe,392,yes,yes,no,4
330,1,-89.17540115008705,1.9079172611236572,SCe-LS,367,yes,no,yes,4
331,1,-89.175401085246,1.6816539764404297,SCe,410,yes,no,no,4
332,1,-85.2642799019618,1.0371110439300537,SDC-LS,70,no,yes,yes,4
333,1,-89.17539455600269,10.973253965377808,SDC,1789,no,yes,no,4
334,1,-89.17540121942625,0.20932602882385254,SC-LS,52,no,no,yes,4
335,1,-89.17539454842586,7.61947226524353,SC,1886,no,no,no,4
336,2,-85.52896767539079,1.4000988006591797,SDCe-LS,123,yes,yes,yes,4
337,2,-84.79654467870074,1.2804479598999023,SDCe,149,yes,yes,no,4
338,2,-84.7965412743979,0.6031036376953125,SCe-LS,102,yes,no,yes,4
339,2,-85.52896761647645,0.6819989681243896,SCe,162,yes,no,no,4
340,2,-85.52896771625967,0.21120715141296387,SDC-LS,23,no,yes,yes,4
341,2,-84.79654284953,4.446581125259399,SDC,538,no,yes,no,4
342,2,-85.52896771624455,0.11068081855773926,SC-LS,25,no,no,yes,4
343,2,-84.79654220322226,2.938384771347046,SC,635,no,no,no,4
344,3,-90.87286244944949,3.5741031169891357,SDCe-LS,129,yes,yes,yes,4
345,3,-88.36499306949219,2.461634874343872,SDCe,311,yes,yes,no,4
346,3,-98.56951932469417,1.044950008392334,SCe-LS,184,yes,no,yes,4
347,3,-88.3649930673293,1.2817389965057373,SCe,326,yes,no,no,4
348,3,-98.56952897665496,0.1901540756225586,SDC-LS,26,no,yes,yes,4
349,3,-88.36498760103058,9.306493997573853,SDC,1407,no,yes,no,4
350,3,-88.3649931765093,0.18017101287841797,SC-LS,44,no,no,yes,4
351,3,-88.36498756142913,6.068456172943115,SC,1474,no,no,no,4
352,4,-86.04131265104326,4.157122850418091,SDCe-LS,120,yes,yes,yes,4
353,4,-86.04131263262394,4.682671070098877,SDCe,612,yes,yes,no,4
354,4,-86.04011049208378,2.8007049560546875,SCe-LS,527,yes,no,yes,4
355,4,-86.0413125960336,2.972728967666626,SCe,725,yes,no,no,4
356,4,-71.3888426245469,0.31996893882751465,SDC-LS,46,no,yes,yes,4
357,4,-85.97105726428788,18.100587844848633,SDC,2500,no,yes,no,4
358,4,-86.04131268909157,0.3787209987640381,SC-LS,91,no,no,yes,4
359,4,-75.0313385897201,10.149064779281616,SC,2500,no,no,no,4
360,5,-98.56943966193364,0.344696044921875,SDCe-LS,36,yes,yes,yes,4
361,5,-98.56889841480188,0.9157490730285645,SDCe,82,yes,yes,no,4
362,5,-98.56950805765746,0.7211627960205078,SCe-LS,152,yes,no,yes,4
363,5,-98.5695288508449,0.8838169574737549,SCe,215,yes,no,no,4
364,5,-98.56952897675137,0.2084488868713379,SDC-LS,26,no,yes,yes,4
365,5,-98.56952518840558,6.1207098960876465,SDC,773,no,yes,no,4
366,5,-98.56952897672124,0.11819005012512207,SC-LS,30,no,no,yes,4
367,5,-98.56952376854952,3.8024182319641113,SC,947,no,no,no,4
368,6,-83.14457902037844,5.062130928039551,SDCe-LS,396,yes,yes,yes,4
369,6,-83.13972863031489,1.1378240585327148,SDCe,145,yes,yes,no,4
370,6,-91.39220258384904,1.9409558773040771,SCe-LS,347,yes,no,yes,4
371,6,-83.13972861549519,1.037963628768921,SCe,249,yes,no,no,4
372,6,-80.8985549665579,0.31883716583251953,SDC-LS,36,no,yes,yes,4
373,6,-83.13972493312815,6.979693174362183,SDC,932,no,yes,no,4
374,6,-83.14457943165291,0.28660035133361816,SC-LS,64,no,no,yes,4
375,6,-82.94132164119057,8.463004350662231,SC,2172,no,no,no,4
376,7,-90.93831134681369,1.46260404586792,SDCe-LS,137,yes,yes,yes,4
377,7,-95.54604417552406,3.039182186126709,SDCe,352,yes,yes,no,4
378,7,-95.54605605324633,1.387465000152588,SCe-LS,259,yes,no,yes,4
379,7,-95.54604260736687,1.7158141136169434,SCe,413,yes,no,no,4
380,7,-90.93831138645629,0.4156208038330078,SDC-LS,33,no,yes,yes,4
381,7,-95.54605485618742,12.206293106079102,SDC,1647,no,yes,no,4
382,7,-95.5460564783765,0.1993241310119629,SC-LS,47,no,no,yes,4
383,7,-95.54605485278415,9.239298105239868,SC,1972,no,no,no,4
384,8,-90.9383113463777,2.0485241413116455,SDCe-LS,136,yes,yes,yes,4
385,8,-90.93831135457543,2.988603115081787,SDCe,208,yes,yes,no,4
386,8,-90.93831133145551,1.9908289909362793,SCe-LS,233,yes,no,yes,4
387,8,-90.93831135674014,1.5248897075653076,SCe,221,yes,no,no,4
388,8,-90.93831138645629,0.5888509750366211,SDC-LS,33,no,yes,yes,4
389,8,-90.93830805324313,8.722279787063599,SDC,920,no,yes,no,4
390,8,-90.93831138614831,0.19719219207763672,SC-LS,34,no,no,yes,4
391,8,-90.93830806925956,4.916414976119995,SC,987,no,no,no,4
392,9,-98.22428379900396,1.1972532272338867,SDCe-LS,82,yes,yes,yes,4
393,9,-98.22428701745207,1.415194034576416,SDCe,180,yes,yes,no,4
394,9,-98.22428561038066,0.9021329879760742,SCe-LS,155,yes,no,yes,4
395,9,-98.22428701594981,0.879586935043335,SCe,195,yes,no,no,4
396,9,-98.22428709490794,0.2502267360687256,SDC-LS,24,no,yes,yes,4
397,9,-98.22428394785231,6.82037091255188,SDC,720,no,yes,no,4
398,9,-98.2242870950596,0.23633694648742676,SC-LS,29,no,no,yes,4
399,9,-98.22428279701717,3.171771287918091,SC,599,no,no,no,4
400,0,-96.01946409366838,0.7018957138061523,SDCe-LS,46,yes,yes,yes,5
401,0,-96.01946466231448,1.3034403324127197,SDCe,127,yes,yes,no,5
402,0,-96.01946459943974,0.6790721416473389,SCe-LS,87,yes,no,yes,5
403,0,-96.01946460574214,0.885779857635498,SCe,165,yes,no,no,5
404,0,-96.01946467121172,0.22127580642700195,SDC-LS,21,no,yes,yes,5
405,0,-96.01946309306419,4.251388072967529,SDC,424,no,yes,no,5
406,0,-96.01946467121655,0.11831974983215332,SC-LS,27,no,no,yes,5
407,0,-96.01946265865854,2.501852035522461,SC,520,no,no,no,5
408,1,-96.97040181360774,0.8962209224700928,SDCe-LS,49,yes,yes,yes,5
409,1,-96.97004949750857,1.2572600841522217,SDCe,90,yes,yes,no,5
410,1,-96.97040182594714,0.6607141494750977,SCe-LS,71,yes,no,yes,5
411,1,-96.97040133964339,0.747251033782959,SCe,128,yes,no,no,5
412,1,-68.32637170528616,0.5623970031738281,SDC-LS,28,no,yes,yes,5
413,1,-96.97040060141643,5.995153188705444,SDC,385,no,yes,no,5
414,1,-96.97040184616179,0.13266897201538086,SC-LS,24,no,no,yes,5
415,1,-96.97040058995947,3.293414831161499,SC,449,no,no,no,5
416,2,-97.42516732136124,2.0332939624786377,SDCe-LS,64,yes,yes,yes,5
417,2,-92.90806597627534,1.7429170608520508,SDCe,141,yes,yes,no,5
418,2,-92.9080672124042,0.8484339714050293,SCe-LS,126,yes,no,yes,5
419,2,-92.90806557093362,0.7822158336639404,SCe,149,yes,no,no,5
420,2,-97.42516740448764,0.23119211196899414,SDC-LS,18,no,yes,yes,5
421,2,-97.4251657647672,10.888330936431885,SDC,928,no,yes,no,5
422,2,-92.90806777323462,0.12790703773498535,SC-LS,24,no,no,yes,5
423,2,-92.90806601402784,4.91677713394165,SC,835,no,no,no,5
424,3,-82.84160539919162,1.919396162033081,SDCe-LS,169,yes,yes,yes,5
425,3,-82.84160547001204,2.078871011734009,SDCe,186,yes,yes,no,5
426,3,-82.84160540779533,1.6642429828643799,SCe-LS,238,yes,no,yes,5
427,3,-82.84160544175552,1.3108019828796387,SCe,237,yes,no,no,5
428,3,-82.84160544306269,2.0299789905548096,SDC-LS,49,no,yes,yes,5
429,3,-82.84160303537959,11.053094148635864,SDC,1029,no,yes,no,5
430,3,-82.84160547455758,0.21845316886901855,SC-LS,38,no,no,yes,5
431,3,-82.84160211025966,7.3830249309539795,SC,1164,no,no,no,5
432,4,-88.22976196175318,2.126232862472534,SDCe-LS,171,yes,yes,yes,5
433,4,-99.63557401633147,3.62888503074646,SDCe,286,yes,yes,no,5
434,4,-87.81320399233212,4.673848867416382,SCe-LS,553,yes,no,yes,5
435,4,-99.63557401633147,1.897730827331543,SCe,334,yes,no,no,5
436,4,-88.22976204385708,2.232167959213257,SDC-LS,115,no,yes,yes,5
437,4,-99.63557401633147,14.738923072814941,SDC,1192,no,yes,no,5
438,4,-99.63557401633147,0.16722416877746582,SC-LS,41,no,no,yes,5
439,4,-99.63557401633147,6.351767063140869,SC,1429,no,no,no,5
440,5,-91.17642995875451,1.198570966720581,SDCe-LS,78,yes,yes,yes,5
441,5,-90.91629596894654,2.933884859085083,SDCe,348,yes,yes,no,5
442,5,-90.91629611775136,1.9130990505218506,SCe-LS,330,yes,no,yes,5
443,5,-90.91629597007142,1.6398191452026367,SCe,349,yes,no,no,5
444,5,-91.17643007254395,0.7292189598083496,SDC-LS,46,no,yes,yes,5
445,5,-90.91628762656228,6.868033170700073,SDC,976,no,yes,no,5
446,5,-91.17643007315496,0.26131296157836914,SC-LS,55,no,no,yes,5
447,5,-90.9162876535998,4.51010799407959,SC,1003,no,no,no,5
448,6,-99.26875090676162,0.14548373222351074,SDCe-LS,11,yes,yes,yes,5
449,6,-99.26875090676162,1.471207857131958,SDCe,73,yes,yes,no,5
450,6,-99.26875090676162,0.42798304557800293,SCe-LS,46,yes,no,yes,5
451,6,-99.26875090676162,0.45473623275756836,SCe,84,yes,no,no,5
452,6,-99.26875090676162,0.11213874816894531,SDC-LS,9,no,yes,yes,5
453,6,-99.26875090676162,3.1100571155548096,SDC,218,no,yes,no,5
454,6,-99.26875090676162,0.08752608299255371,SC-LS,18,no,no,yes,5
455,6,-99.26875090676162,1.3008389472961426,SC,269,no,no,no,5
456,7,-80.4872970206493,1.054887056350708,SDCe-LS,102,yes,yes,yes,5
457,7,-99.26875090676162,1.2404088973999023,SDCe,109,yes,yes,no,5
458,7,-99.26875090676162,0.5901670455932617,SCe-LS,78,yes,no,yes,5
459,7,-99.26875090676162,0.790381669998169,SCe,159,yes,no,no,5
460,7,-99.26875090676162,0.19144797325134277,SDC-LS,10,no,yes,yes,5
461,7,-99.26875090676162,3.852304220199585,SDC,304,no,yes,no,5
462,7,-99.26875090676162,0.11117076873779297,SC-LS,22,no,no,yes,5
463,7,-99.26875090676162,2.39266300201416,SC,412,no,no,no,5
464,8,-92.90806439633519,1.6382548809051514,SDCe-LS,61,yes,yes,yes,5
465,8,-92.89380698116696,3.6963791847229004,SDCe,254,yes,yes,no,5
466,8,-93.63155226069648,2.092982053756714,SCe-LS,216,yes,no,yes,5
467,8,-92.8938069781866,1.6730308532714844,SCe,233,yes,no,no,5
468,8,-88.56427811296089,0.3814971446990967,SDC-LS,32,no,yes,yes,5
469,8,-93.63154827951325,9.32787299156189,SDC,1194,no,yes,no,5
470,8,-92.90806777328271,0.16542983055114746,SC-LS,33,no,no,yes,5
471,8,-93.63154830571722,7.297945976257324,SC,1274,no,no,no,5
472,9,-98.42402091973827,0.184370756149292,SDCe-LS,13,yes,yes,yes,5
473,9,-98.42402091973827,1.0223970413208008,SDCe,58,yes,yes,no,5
474,9,-98.42402091973827,0.24885201454162598,SCe-LS,43,yes,no,yes,5
475,9,-98.42402091973827,0.30619025230407715,SCe,66,yes,no,no,5
476,9,-98.42402091973827,0.24797987937927246,SDC-LS,9,no,yes,yes,5
477,9,-98.42402091973827,2.4127678871154785,SDC,206,no,yes,no,5
478,9,-98.42402091973827,0.06857705116271973,SC-LS,16,no,no,yes,5
479,9,-98.42402091973827,1.0719201564788818,SC,246,no,no,no,5
480,0,-94.32316433914019,1.4609661102294922,SDCe-LS,107,yes,yes,yes,6
481,0,-94.32316420785799,1.9108474254608154,SDCe,242,yes,yes,no,6
482,0,-94.3231641768732,1.2090189456939697,SCe-LS,217,yes,no,yes,6
483,0,-94.32316420998569,1.1902110576629639,SCe,286,yes,no,no,6
484,0,-94.32316433720848,1.2588582038879395,SDC-LS,70,no,yes,yes,6
485,0,-94.32315989394436,5.878269910812378,SDC,715,no,yes,no,6
486,0,-94.32316435431954,0.20220208168029785,SC-LS,46,no,no,yes,6
487,0,-94.32315928617948,3.4228618144989014,SC,807,no,no,no,6
488,1,-98.87250695626392,0.16198134422302246,SDCe-LS,15,yes,yes,yes,6
489,1,-81.48445630856793,1.5414810180664062,SDCe,191,yes,yes,no,6
490,1,-79.05704642448754,1.8381330966949463,SCe-LS,338,yes,no,yes,6
491,1,-83.15194142031322,2.6128578186035156,SCe,636,yes,no,no,6
492,1,-98.87250695626392,0.10260701179504395,SDC-LS,9,no,yes,yes,6
493,1,-98.87250695626392,2.588441848754883,SDC,278,no,yes,no,6
494,1,-83.15194162671855,0.32587718963623047,SC-LS,76,no,no,yes,6
495,1,-98.30789688352513,3.469072103500366,SC,757,no,no,no,6
496,2,-84.9501773134541,1.6708102226257324,SDCe-LS,162,yes,yes,yes,6
497,2,-87.14371927369677,4.438679933547974,SDCe,639,yes,yes,no,6
498,2,-98.25151148050975,1.366225242614746,SCe-LS,255,yes,no,yes,6
499,2,-87.14371917170416,3.06016206741333,SCe,725,yes,no,no,6
500,2,-84.95017737285485,0.35143589973449707,SDC-LS,32,no,yes,yes,6
501,2,-87.14363889673322,17.597742080688477,SDC,2500,no,yes,no,6
502,2,-87.14371953314489,0.4226961135864258,SC-LS,86,no,no,yes,6
503,2,-87.1433160822323,11.618726015090942,SC,2500,no,no,no,6
504,3,-85.48807980916516,2.350727081298828,SDCe-LS,204,yes,yes,yes,6
505,3,-85.82532046231637,11.145684003829956,SDCe,1424,yes,yes,no,6
506,3,-85.82532033271553,6.6537580490112305,SCe-LS,1256,yes,no,yes,6
507,3,-85.48807984093824,1.0553159713745117,SCe,252,yes,no,no,6
508,3,-83.7568828112195,0.7653870582580566,SDC-LS,112,no,yes,yes,6
509,3,-85.70582578898316,17.750848054885864,SDC,2500,no,yes,no,6
510,3,-85.48807993938689,0.22813796997070312,SC-LS,42,no,no,yes,6
511,3,-85.66329633216176,11.187834739685059,SC,2500,no,no,no,6
512,4,-84.39431566898406,1.8760325908660889,SDCe-LS,163,yes,yes,yes,6
513,4,-84.39431571631647,1.4370837211608887,SDCe,179,yes,yes,no,6
514,4,-84.39431573149042,1.0086522102355957,SCe-LS,170,yes,no,yes,6
515,4,-84.39431571523124,0.8205840587615967,SCe,185,yes,no,no,6
516,4,-84.39431576819811,0.22311687469482422,SDC-LS,26,no,yes,yes,6
517,4,-84.3943123654638,5.1424949169158936,SDC,770,no,yes,no,6
518,4,-84.39431576813479,0.10894107818603516,SC-LS,27,no,no,yes,6
519,4,-84.39431236018797,3.3888120651245117,SC,810,no,no,no,6
520,5,-89.7591042771075,0.9473142623901367,SDCe-LS,99,yes,yes,yes,6
521,5,-90.54571811445828,3.5780348777770996,SDCe,514,yes,yes,no,6
522,5,-90.545717842854,2.3638651371002197,SCe-LS,397,yes,no,yes,6
523,5,-89.75909687753455,0.7957780361175537,SCe,175,yes,no,no,6
524,5,-89.75910431832028,0.16621899604797363,SDC-LS,21,no,yes,yes,6
525,5,-90.54570817773691,14.703563928604126,SDC,2192,no,yes,no,6
526,5,-89.75910431795921,0.21466803550720215,SC-LS,32,no,no,yes,6
527,5,-90.54570819768128,12.308745861053467,SC,2281,no,no,no,6
528,6,-78.21329742532049,1.6289730072021484,SDCe-LS,147,yes,yes,yes,6
529,6,-77.50450239961145,2.9076857566833496,SDCe,284,yes,yes,no,6
530,6,-77.50450241213395,2.1066548824310303,SCe-LS,334,yes,no,yes,6
531,6,-77.5045023717762,1.5233941078186035,SCe,337,yes,no,no,6
532,6,-78.213297513062,0.2750101089477539,SDC-LS,29,no,yes,yes,6
533,6,-77.5044994057057,9.788918733596802,SDC,1472,no,yes,no,6
534,6,-77.50450242347182,0.18328213691711426,SC-LS,42,no,no,yes,6
535,6,-77.50449832317807,7.080058813095093,SC,1664,no,no,no,6
536,7,-92.8197145578282,8.232069969177246,SDCe-LS,215,yes,yes,yes,6
537,7,-89.39583035776593,2.2958171367645264,SDCe,278,yes,yes,no,6
538,7,-89.39580357770251,0.9183142185211182,SCe-LS,176,yes,no,yes,6
539,7,-89.39583035473765,1.1616036891937256,SCe,283,yes,no,no,6
540,7,-92.81971454600682,6.06199312210083,SDC-LS,122,no,yes,yes,6
541,7,-89.39582529226959,8.828866720199585,SDC,1176,no,yes,no,6
542,7,-89.39583045899951,0.15428996086120605,SC-LS,39,no,no,yes,6
543,7,-89.39582533979325,5.384595155715942,SC,1223,no,no,no,6
544,8,-76.9343828470843,2.074126720428467,SDCe-LS,119,yes,yes,yes,6
545,8,-76.93438287237069,2.715654134750366,SDCe,363,yes,yes,no,6
546,8,-76.9343828441094,2.2230358123779297,SCe-LS,355,yes,no,yes,6
547,8,-76.93438287387355,1.7768781185150146,SCe,377,yes,no,no,6
548,8,-76.93438301879942,0.3446190357208252,SDC-LS,44,no,yes,yes,6
549,8,-76.93437621458463,11.003783941268921,SDC,1636,no,yes,no,6
550,8,-76.93438301776564,0.28414082527160645,SC-LS,54,no,no,yes,6
551,8,-76.934376218664,9.435333967208862,SC,1729,no,no,no,6
552,9,-98.09731733947268,0.2450258731842041,SDCe-LS,15,yes,yes,yes,6
553,9,-98.09731733947268,1.2922210693359375,SDCe,75,yes,yes,no,6
554,9,-98.09119889452376,0.40369200706481934,SCe-LS,55,yes,no,yes,6
555,9,-98.09731733947268,0.4838099479675293,SCe,86,yes,no,no,6
556,9,-98.09731733947268,0.1447768211364746,SDC-LS,9,no,yes,yes,6
557,9,-98.09731733947268,4.53528904914856,SDC,348,no,yes,no,6
558,9,-98.09731733947268,0.07706594467163086,SC-LS,17,no,no,yes,6
559,9,-98.09731733947268,2.0184621810913086,SC,414,no,no,no,6
560,0,-92.34837966563992,0.49274110794067383,SDCe-LS,24,yes,yes,yes,7
561,0,-92.35469648740053,1.4038498401641846,SDCe,140,yes,yes,no,7
562,0,-92.35472209778072,0.9438803195953369,SCe-LS,168,yes,no,yes,7
563,0,-92.35471320968145,0.8034789562225342,SCe,184,yes,no,no,7
564,0,-92.35472387701572,0.21126604080200195,SDC-LS,18,no,yes,yes,7
565,0,-92.35472266408829,5.301759958267212,SDC,599,no,yes,no,7
566,0,-92.35472387701338,0.1240851879119873,SC-LS,27,no,no,yes,7
567,0,-92.35472220557028,4.010987997055054,SC,874,no,no,no,7
568,1,-82.96328093090608,1.4604718685150146,SDCe-LS,113,yes,yes,yes,7
569,1,-90.56975999595761,3.2469370365142822,SDCe,320,yes,yes,no,7
570,1,-90.56975997350173,1.8427021503448486,SCe-LS,264,yes,no,yes,7
571,1,-82.9632809853722,1.207627773284912,SCe,199,yes,no,no,7
572,1,-87.01942292116593,16.612431287765503,SDC-LS,175,no,yes,yes,7
573,1,-93.37737090143798,17.816020965576172,SDC,2500,no,yes,no,7
574,1,-82.96328099517768,0.17327427864074707,SC-LS,41,no,no,yes,7
575,1,-90.56975756408042,5.896274089813232,SC,1342,no,no,no,7
576,2,-87.47582078551733,1.6899750232696533,SDCe-LS,153,yes,yes,yes,7
577,2,-87.47582250362558,2.2175841331481934,SDCe,298,yes,yes,no,7
578,2,-87.47582245319018,1.5268781185150146,SCe-LS,254,yes,no,yes,7
579,2,-88.43799887475058,1.5209107398986816,SCe,351,yes,no,no,7
580,2,-87.47582259986649,0.39340901374816895,SDC-LS,36,no,yes,yes,7
581,2,-87.47581765572272,12.658320903778076,SDC,1528,no,yes,no,7
582,2,-88.43799900590417,0.22964930534362793,SC-LS,46,no,no,yes,7
583,2,-87.47581766624614,7.87736701965332,SC,1546,no,no,no,7
584,3,-94.44120216010577,1.841961145401001,SDCe-LS,146,yes,yes,yes,7
585,3,-69.92254421369122,1.2486629486083984,SDCe,117,yes,yes,no,7
586,3,-69.9225441716026,0.7315049171447754,SCe-LS,123,yes,no,yes,7
587,3,-69.92254420269325,0.5829188823699951,SCe,128,yes,no,no,7
588,3,-97.93255028165368,0.14171314239501953,SDC-LS,13,no,yes,yes,7
589,3,-69.92254256009358,4.1382410526275635,SDC,480,no,yes,no,7
590,3,-69.92254422526347,0.12573790550231934,SC-LS,26,no,no,yes,7
591,3,-69.92254198219405,2.6099910736083984,SC,586,no,no,no,7
592,4,-93.37739639868516,4.160103797912598,SDCe-LS,163,yes,yes,yes,7
593,4,-91.50123706744279,6.334258079528809,SDCe,615,yes,yes,no,7
594,4,-93.37739632830699,2.5118601322174072,SCe-LS,433,yes,no,yes,7
595,4,-91.50123790097547,3.4320831298828125,SCe,708,yes,no,no,7
596,4,-93.37739631743256,4.497062921524048,SDC-LS,114,no,yes,yes,7
597,4,-91.3607075596608,24.038085222244263,SDC,2500,no,yes,no,7
598,4,-93.3773964142689,0.32068490982055664,SC-LS,63,no,no,yes,7
599,4,-91.30752857193352,11.034580945968628,SC,2500,no,no,no,7
600,5,-94.13108091900608,1.5577831268310547,SDCe-LS,122,yes,yes,yes,7
601,5,-94.13116657273088,2.670790195465088,SDCe,339,yes,yes,no,7
602,5,-94.13116558988906,1.7045269012451172,SCe-LS,280,yes,no,yes,7
603,5,-94.13116656868073,1.5978858470916748,SCe,362,yes,no,no,7
604,5,-94.13116667748437,0.45220518112182617,SDC-LS,36,no,yes,yes,7
605,5,-94.13116113502969,10.342457056045532,SDC,1482,no,yes,no,7
606,5,-94.1311666776067,0.1918783187866211,SC-LS,46,no,no,yes,7
607,5,-94.13116116329132,6.89243221282959,SC,1629,no,no,no,7
608,6,-89.42655785711466,5.126878976821899,SDCe-LS,230,yes,yes,yes,7
609,6,-88.10375140196231,3.092916965484619,SDCe,409,yes,yes,no,7
610,6,-79.33154434771316,1.6771318912506104,SCe-LS,292,yes,no,yes,7
611,6,-88.10375142045629,1.5316729545593262,SCe,357,yes,no,no,7
612,6,-89.42655776897146,3.9680309295654297,SDC-LS,172,no,yes,yes,7
613,6,-79.33153699878122,8.661574125289917,SDC,1501,no,yes,no,7
614,6,-88.10375158118947,0.20429301261901855,SC-LS,47,no,no,yes,7
615,6,-79.33153424692523,6.925363063812256,SC,1662,no,no,no,7
616,7,-86.00347505559648,2.429701089859009,SDCe-LS,220,yes,yes,yes,7
617,7,-81.86305731972226,1.4834959506988525,SDCe,151,yes,yes,no,7
618,7,-81.86305738072389,0.9916133880615234,SCe-LS,179,yes,no,yes,7
619,7,-81.86305739379912,0.8229770660400391,SCe,181,yes,no,no,7
620,7,-86.00347517844074,0.24754691123962402,SDC-LS,34,no,yes,yes,7
621,7,-81.86305599788375,6.537981271743774,SDC,760,no,yes,no,7
622,7,-81.86305740302794,0.14252376556396484,SC-LS,30,no,no,yes,7
623,7,-81.86305547409148,4.069949150085449,SC,899,no,no,no,7
624,8,-89.67264625197441,3.1818618774414062,SDCe-LS,190,yes,yes,yes,7
625,8,-97.8235602350669,4.3029608726501465,SDCe,387,yes,yes,no,7
626,8,-97.8235602350669,2.031195878982544,SCe-LS,293,yes,no,yes,7
627,8,-97.8235602350669,2.1168761253356934,SCe,407,yes,no,no,7
628,8,-89.67265002812701,0.44846177101135254,SDC-LS,44,no,yes,yes,7
629,8,-97.8235602350669,15.956969022750854,SDC,1712,no,yes,no,7
630,8,-97.8235602350669,0.2156369686126709,SC-LS,50,no,no,yes,7
631,8,-97.8235602350669,8.199491024017334,SC,1891,no,no,no,7
632,9,-88.10375129753183,3.9884181022644043,SDCe-LS,328,yes,yes,yes,7
633,9,-86.72789218554249,6.786763906478882,SDCe,689,yes,yes,no,7
634,9,-86.72666190561571,2.9646756649017334,SCe-LS,369,yes,no,yes,7
635,9,-86.7278921879643,3.976138114929199,SCe,732,yes,no,no,7
636,9,-88.10375158116557,0.25871729850769043,SDC-LS,48,no,yes,yes,7
637,9,-86.72776816365769,18.534547805786133,SDC,2500,no,yes,no,7
638,9,-86.72789248959708,0.34438180923461914,SC-LS,82,no,no,yes,7
639,9,-86.7274070776989,11.180449724197388,SC,2500,no,no,no,7
640,0,-92.4589102918871,1.1386382579803467,SDCe-LS,73,yes,yes,yes,8
641,0,-92.47134103249766,3.8060860633850098,SDCe,367,yes,yes,no,8
642,0,-92.47134066500104,2.253416061401367,SCe-LS,326,yes,no,yes,8
643,0,-92.47134103386497,2.094618797302246,SCe,411,yes,no,no,8
644,0,-92.45891036099067,0.36251187324523926,SDC-LS,28,no,yes,yes,8
645,0,-92.4713380904218,16.877657890319824,SDC,1869,no,yes,no,8
646,0,-92.47134103444199,0.22748279571533203,SC-LS,48,no,no,yes,8
647,0,-92.47133809782707,10.824067831039429,SC,2188,no,no,no,8
648,1,-79.70093781251677,4.7161900997161865,SDCe-LS,232,yes,yes,yes,8
649,1,-92.47133937528832,1.5962681770324707,SDCe,131,yes,yes,no,8
650,1,-92.47134049979752,1.0768451690673828,SCe-LS,154,yes,no,yes,8
651,1,-92.4713410341842,1.0009889602661133,SCe,172,yes,no,no,8
652,1,-99.46381723015293,0.5919718742370605,SDC-LS,18,no,yes,yes,8
653,1,-92.47133887953049,9.926278829574585,SDC,714,no,yes,no,8
654,1,-92.47134103447604,0.21706271171569824,SC-LS,28,no,no,yes,8
655,1,-92.47133810785766,5.611844062805176,SC,873,no,no,no,8
656,2,-86.53920881489762,3.069441080093384,SDCe-LS,144,yes,yes,yes,8
657,2,-95.57584796017937,11.998457193374634,SDCe,1519,yes,yes,no,8
658,2,-95.30624831544179,1.8584601879119873,SCe-LS,261,yes,no,yes,8
659,2,-95.30833484068734,1.3549129962921143,SCe,203,yes,no,no,8
660,2,-86.5392096131709,0.3254659175872803,SDC-LS,27,no,yes,yes,8
661,2,-83.94226996653214,12.916047811508179,SDC,1400,no,yes,no,8
662,2,-95.57584908129769,1.1021819114685059,SC-LS,190,no,no,yes,8
663,2,-83.94227000841556,8.609357118606567,SC,1581,no,no,no,8
664,3,-95.44740189957184,0.9072608947753906,SDCe-LS,66,yes,yes,yes,8
665,3,-83.42324163261361,2.908212184906006,SDCe,325,yes,yes,no,8
666,3,-83.42324160674241,1.870222806930542,SCe-LS,306,yes,no,yes,8
667,3,-83.42324162848138,2.1455471515655518,SCe,331,yes,no,no,8
668,3,-92.24587850607423,0.3350961208343506,SDC-LS,33,no,yes,yes,8
669,3,-83.42323735865762,14.99350619316101,SDC,1608,no,yes,no,8
670,3,-83.42324170116385,0.32704997062683105,SC-LS,63,no,no,yes,8
671,3,-83.42323739953815,8.822345972061157,SC,1702,no,no,no,8
672,4,-93.689774833532,1.8493030071258545,SDCe-LS,129,yes,yes,yes,8
673,4,-93.68977818607647,1.7768008708953857,SDCe,221,yes,yes,no,8
674,4,-93.68977822542024,1.527143955230713,SCe-LS,243,yes,no,yes,8
675,4,-93.68977818426907,1.1927330493927002,SCe,228,yes,no,no,8
676,4,-93.68977826447241,0.2844719886779785,SDC-LS,30,no,yes,yes,8
677,4,-93.68977368057665,6.0479960441589355,SDC,724,no,yes,no,8
678,4,-93.68977826441238,0.1744520664215088,SC-LS,33,no,no,yes,8
679,4,-93.68977370108996,4.887289762496948,SC,838,no,no,no,8
680,5,-98.45556579279844,0.9177079200744629,SDCe-LS,42,yes,yes,yes,8
681,5,-82.7001176107978,2.886944055557251,SDCe,175,yes,yes,no,8
682,5,-90.36828657558817,7.341171979904175,SCe-LS,663,yes,no,yes,8
683,5,-82.70011761737004,1.750053882598877,SCe,184,yes,no,no,8
684,5,-98.45556579279844,0.29746103286743164,SDC-LS,15,no,yes,yes,8
685,5,-90.36757364040233,22.64241909980774,SDC,2500,no,yes,no,8
686,5,-82.70011765287006,0.13470697402954102,SC-LS,29,no,no,yes,8
687,5,-90.36709958853731,12.054256916046143,SC,2500,no,no,no,8
688,6,-92.4589040834208,0.7564792633056641,SDCe-LS,52,yes,yes,yes,8
689,6,-92.47134102489366,2.185185194015503,SDCe,191,yes,yes,no,8
690,6,-92.471341011518,1.9062962532043457,SCe-LS,282,yes,no,yes,8
691,6,-92.47134102753074,1.1001560688018799,SCe,206,yes,no,no,8
692,6,-92.4589103586037,0.4809718132019043,SDC-LS,24,no,yes,yes,8
693,6,-92.47133811025066,13.73124623298645,SDC,1518,no,yes,no,8
694,6,-92.47134103443972,0.12018108367919922,SC-LS,28,no,no,yes,8
695,6,-92.47133808648096,7.464509963989258,SC,1598,no,no,no,8
696,7,-99.27869588175247,0.19880008697509766,SDCe-LS,12,yes,yes,yes,8
697,7,-99.27869588175247,1.428858995437622,SDCe,108,yes,yes,no,8
698,7,-99.27869588175247,0.5780930519104004,SCe-LS,91,yes,no,yes,8
699,7,-99.27869588175247,0.6606810092926025,SCe,125,yes,no,no,8
700,7,-99.27869588175247,0.15367984771728516,SDC-LS,9,no,yes,yes,8
701,7,-99.27869588175247,5.717037916183472,SDC,466,no,yes,no,8
702,7,-99.27869588175247,0.08283209800720215,SC-LS,20,no,no,yes,8
703,7,-99.27869588175247,3.1384270191192627,SC,557,no,no,no,8
704,8,-89.9017565047136,8.03220510482788,SDCe-LS,232,yes,yes,yes,8
705,8,-87.10551012945689,2.7444281578063965,SDCe,319,yes,yes,no,8
706,8,-85.26131524170415,5.335631847381592,SCe-LS,841,yes,no,yes,8
707,8,-85.26131644503499,3.7984890937805176,SCe,788,yes,no,no,8
708,8,-89.90175650447463,4.986088037490845,SDC-LS,87,no,yes,yes,8
709,8,-89.89761488305737,21.393736839294434,SDC,2500,no,yes,no,8
710,8,-89.90175665866337,0.594628095626831,SC-LS,119,no,no,yes,8
711,8,-89.89004357515131,12.051092863082886,SC,2500,no,no,no,8
712,9,-99.55373081847137,0.18655014038085938,SDCe-LS,12,yes,yes,yes,8
713,9,-99.55373081847137,0.849754810333252,SDCe,58,yes,yes,no,8
714,9,-99.55373081847137,0.3287851810455322,SCe-LS,48,yes,no,yes,8
715,9,-99.55373081847137,0.32581114768981934,SCe,67,yes,no,no,8
716,9,-99.55373081847137,0.1692056655883789,SDC-LS,10,no,yes,yes,8
717,9,-99.55373081847137,2.5767900943756104,SDC,202,no,yes,no,8
718,9,-99.55373081847137,0.07623171806335449,SC-LS,16,no,no,yes,8
719,9,-99.55373081847137,1.3112049102783203,SC,248,no,no,no,8
720,0,-96.31140756061751,0.9529528617858887,SDCe-LS,73,yes,yes,yes,9
721,0,-93.20441592046154,6.170068979263306,SDCe,849,yes,yes,no,9
722,0,-93.20441610166756,4.673918008804321,SCe-LS,748,yes,no,yes,9
723,0,-93.20441591546822,4.2364349365234375,SCe,825,yes,no,no,9
724,0,-96.31140788443315,0.24021196365356445,SDC-LS,20,no,yes,yes,9
725,0,-97.01575075367407,6.099183797836304,SDC,584,no,yes,no,9
726,0,-93.20441645968765,0.4781467914581299,SC-LS,107,no,no,yes,9
727,0,-97.01575075367407,3.8767497539520264,SC,720,no,no,no,9
728,1,-98.14444832508696,0.24286317825317383,SDCe-LS,13,yes,yes,yes,9
729,1,-98.14444832508696,1.0138990879058838,SDCe,62,yes,yes,no,9
730,1,-98.14444832508696,0.3344712257385254,SCe-LS,49,yes,no,yes,9
731,1,-98.14444832508696,0.6033341884613037,SCe,72,yes,no,no,9
732,1,-98.14444832508696,0.3804459571838379,SDC-LS,9,no,yes,yes,9
733,1,-98.14444832508696,3.424320936203003,SDC,211,no,yes,no,9
734,1,-98.14444832508696,0.08079910278320312,SC-LS,16,no,no,yes,9
735,1,-98.14444832508696,1.5401668548583984,SC,258,no,no,no,9
736,2,-93.48323233392301,3.9652130603790283,SDCe-LS,230,yes,yes,yes,9
737,2,-82.98193097119429,1.9622950553894043,SDCe,162,yes,yes,no,9
738,2,-82.98193092589014,1.3677189350128174,SCe-LS,201,yes,no,yes,9
739,2,-94.91522520199356,1.2442548274993896,SCe,266,yes,no,no,9
740,2,-91.32938345844542,0.3658750057220459,SDC-LS,42,no,yes,yes,9
741,2,-93.48324463949348,17.76899790763855,SDC,2023,no,yes,no,9
742,2,-94.91523302602837,0.16646313667297363,SC-LS,34,no,no,yes,9
743,2,-93.4832446207306,10.493591070175171,SC,2274,no,no,no,9
744,3,-72.1932095557301,1.71616792678833,SDCe-LS,104,yes,yes,yes,9
745,3,-84.43641775297004,1.8717398643493652,SDCe,163,yes,yes,no,9
746,3,-91.4586043939421,3.1742091178894043,SCe-LS,483,yes,no,yes,9
747,3,-84.43641791850558,1.0391271114349365,SCe,220,yes,no,no,9
748,3,-84.43641791852542,0.44800281524658203,SDC-LS,23,no,yes,yes,9
749,3,-84.43641791846375,8.52920389175415,SDC,860,no,yes,no,9
750,3,-84.43641791852201,0.1389322280883789,SC-LS,28,no,no,yes,9
751,3,-84.43641760204275,3.6885578632354736,SC,705,no,no,no,9
752,4,-86.85024728183578,1.9499220848083496,SDCe-LS,128,yes,yes,yes,9
753,4,-82.49496092782334,2.2551350593566895,SDCe,217,yes,yes,no,9
754,4,-73.4035323031269,1.2659437656402588,SCe-LS,187,yes,no,yes,9
755,4,-73.40353235247954,0.9351470470428467,SCe,194,yes,no,no,9
756,4,-86.850247290948,0.5295658111572266,SDC-LS,35,no,yes,yes,9
757,4,-73.40352919706504,7.016727924346924,SDC,863,no,yes,no,9
758,4,-82.49496095521238,0.17825579643249512,SC-LS,40,no,no,yes,9
759,4,-73.40352918069959,4.273016929626465,SC,924,no,no,no,9
760,5,-80.36774497044354,2.8439230918884277,SDCe-LS,79,yes,yes,yes,9
761,5,-80.5593524798308,3.5932178497314453,SDCe,256,yes,yes,no,9
762,5,-89.89811851105316,4.084053039550781,SCe-LS,525,yes,no,yes,9
763,5,-80.5593524484402,1.8585829734802246,SCe,306,yes,no,no,9
764,5,-80.55935247581735,2.8484179973602295,SDC-LS,58,no,yes,yes,9
765,5,-80.55934965245831,11.10442590713501,SDC,1139,no,yes,no,9
766,5,-80.55935250408723,0.1874072551727295,SC-LS,42,no,no,yes,9
767,5,-88.93429596886105,13.167624950408936,SC,2500,no,no,no,9
768,6,-95.82331483940646,0.4360229969024658,SDCe-LS,26,yes,yes,yes,9
769,6,-95.82345220931893,1.6044650077819824,SDCe,100,yes,yes,no,9
770,6,-95.82345540738947,0.7968058586120605,SCe-LS,97,yes,no,yes,9
771,6,-95.8234527739886,0.8550770282745361,SCe,114,yes,no,no,9
772,6,-95.82345551647262,0.3052213191986084,SDC-LS,16,no,yes,yes,9
773,6,-95.82345455868261,6.13518214225769,SDC,408,no,yes,no,9
774,6,-95.82345551628526,0.15224695205688477,SC-LS,25,no,no,yes,9
775,6,-95.8234542545332,2.404867172241211,SC,469,no,no,no,9
776,7,-96.2854880469668,1.1717169284820557,SDCe-LS,56,yes,yes,yes,9
777,7,-96.28548806949055,2.324220895767212,SDCe,175,yes,yes,no,9
778,7,-96.28540508321157,0.8936648368835449,SCe-LS,123,yes,no,yes,9
779,7,-96.2854731698477,1.0429539680480957,SCe,176,yes,no,no,9
780,7,-96.28548811242393,0.36942005157470703,SDC-LS,22,no,yes,yes,9
781,7,-96.2854867039693,6.215414047241211,SDC,627,no,yes,no,9
782,7,-96.28548811243667,0.12595796585083008,SC-LS,25,no,no,yes,9
783,7,-96.28548667132537,3.876107931137085,SC,782,no,no,no,9
784,8,-86.85024722807992,3.7978591918945312,SDCe-LS,120,yes,yes,yes,9
785,8,-86.85024711307682,2.3654768466949463,SDCe,223,yes,yes,no,9
786,8,-86.85024726487296,1.2926409244537354,SCe-LS,212,yes,no,yes,9
787,8,-86.85024721814358,1.220458984375,SCe,248,yes,no,no,9
788,8,-86.85024728862408,0.6133739948272705,SDC-LS,33,no,yes,yes,9
789,8,-86.85024545951984,9.222314834594727,SDC,922,no,yes,no,9
790,8,-86.85024729095886,0.21724724769592285,SC-LS,38,no,no,yes,9
791,8,-86.85024549969222,5.230154991149902,SC,1059,no,no,no,9
792,9,-85.29600629905678,2.6865739822387695,SDCe-LS,71,yes,yes,yes,9
793,9,-85.29600623672422,1.4960319995880127,SDCe,247,yes,yes,no,9
794,9,-85.29600628858427,1.9333291053771973,SCe-LS,301,yes,no,yes,9
795,9,-85.29600618854607,1.3515799045562744,SCe,292,yes,no,no,9
796,9,-85.2960063560557,1.4261510372161865,SDC-LS,58,no,yes,yes,9
797,9,-85.29600112713712,7.2135491371154785,SDC,996,no,yes,no,9
798,9,-85.29600635585967,0.1933879852294922,SC-LS,43,no,no,yes,9
799,9,-85.29599913516401,5.507575035095215,SC,1192,no,no,no,9
